,Compound,Negative,Neutral,Positive,Source,Tweet Date,Tweet Text,Tweets Ago
0,0.0,0.0,0.0,0.0,@BBC,2018-07-02 01:51:14,"RT @RussiaConnects: For ACCURATE reporting on #Syria follow:

@EvaKBartlett
@VanessaBeeley
@Partisangirl
@sahouraxo
@sarahabed84
@syria24me‚Ä¶",1
1,0.3612,0.051,0.051,0.106,@BBC,2018-07-02 01:50:41,RT @DerbyChrisW: The rightwing bias of the BBC's political commentary laid bare. Come on @BBC you can and you should do better than this. h‚Ä¶,2
2,0.0,0.0,0.0,0.0,@BBC,2018-07-02 01:49:17,"RT @sundayschild22: @anofiscal @MalcolmNance @CNN @MSNBC @nbc @FBI @CBSNews @ABC @BBC @NPR TO #TheResistance ‚Äî Be all over this, tell every‚Ä¶",3
3,0.0,0.0,0.0,0.0,@BBC,2018-07-02 01:48:58,"RT @anofiscal: @sundayschild22 @MalcolmNance @CNN @MSNBC @nbc @FBI @CBSNews @ABC @BBC @NPR What Just in Time said, all the way.  Y'all need‚Ä¶",4
4,-0.5267,0.145,0.145,0.0,@BBC,2018-07-02 01:48:45,"RT @sundayschild22: @MalcolmNance @CNN @MSNBC @NBC @FBI @CBSNews @ABC @BBC @NPR ‚Äî This is a direct threat from trump, he is inciting violen‚Ä¶",5
5,-0.3182,0.191,0.191,0.0,@BBC,2018-07-02 01:48:25,@PeterMcilvenna @BBC Seriously? That explains the content. It‚Äôs time the public stops paying for this‚Ä¶ https://t.co/HcZraF3rtr,6
6,0.0,0.0,0.0,0.0,@BBC,2018-07-02 01:47:49,RT @BBC: When Natasha was 14 she had nowhere to call home. https://t.co/O5w2JzIWFh,7
7,0.5859,0.0,0.0,0.275,@BBC,2018-07-02 01:47:16,RT @BBC: ‚ù§Ô∏è What a lovely thing to do for someone. https://t.co/goE9GEi8k0,8
8,0.0,0.0,0.0,0.0,@BBC,2018-07-02 01:45:39,"RT @BBC: Over the last 50 years, the flesh-footed shearwater population has dropped by 30%.

Plastic is a major cause of their decline.
#Pl‚Ä¶",9
9,-0.7174,0.314,0.314,0.112,@BBC,2018-07-02 01:45:16,"To be honest with you all, I really don't like @BBC because of their fake news and their bullshit about anything. https://t.co/F5V7d6yNlE",10
10,0.0,0.0,0.0,0.0,@BBC,2018-07-02 01:45:16,"RT @sobran_dass: #‡§∏‡§´‡§≤‡§π‡•Å‡§Ü_‡§ï‡§¨‡•Ä‡§∞‡§≠‡§Ç‡§°‡§æ‡§∞‡§æ
‡§Æ‡•Ä‡§°‡§ø‡§Ø‡§æ ‡§µ‡§æ‡§≤‡•ã ‡§®‡•á #28‡§ú‡•Ç‡§®_‡§ï‡§¨‡§ø‡§∞‡§™‡•ç‡§∞‡§ï‡§ü‡§¶‡§ø‡§µ‡§∏ ‡§™‡§∞ #‡§∏‡§Ç‡§§‡§∞‡§æ‡§Æ‡§™‡§æ‡§≤‡§ú‡•Ä‡§Æ‡§π‡§æ‡§∞‡§æ‡§ú ‡§¶‡•ç‡§µ‡§æ‡§∞‡§æ ‡§π‡§∞‡§ø‡§Ø‡§æ‡§£‡§æ ‡§∞‡•ã‡§π‡§§‡§ï ‡§Æ‡•á ‡§ï‡§ø‡§Ø‡•á ‡§µ‡§ø‡§∂‡§æ‡§≤‡§≠‡§Ç‡§°‡§æ‡§∞‡•á ‡§ï‡•Ä‚Ä¶",11
11,-0.0516,0.248,0.248,0.192,@BBC,2018-07-02 01:44:56,"RT @BBC: Why were these photos of the Great Depression censored using a hole punch?
https://t.co/LijCpCURdC",12
12,0.3313,0.141,0.141,0.191,@BBC,2018-07-02 01:44:30,"RT @DealingWithEvil: Best ever time for fraud women who files #FakeCases for #MoneyExtortion

What is next ????

@BJP4India @INCIndia @BJP4‚Ä¶",13
13,0.0,0.0,0.0,0.0,@BBC,2018-07-02 01:44:12,"RT @DealingWithEvil: #CrimeHasNoGender
Scrap #GenderBiasedLaws
bring #GenderNeutralLaw
Because #MenAreHumanToo
#MensRightAreHumanRight

@PM‚Ä¶",14
14,0.0,0.0,0.0,0.0,@BBC,2018-07-02 01:43:52,"RT @Raman_Ghavami: BBCFarsi correspondent deliberately mistranslates what Trump says in this video.
Trump:‚ÄùWho is their(Gulf countries)bigg‚Ä¶",15
15,0.0,0.0,0.0,0.0,@BBC,2018-07-02 01:43:17,RT @sparkinson1768: #rarebirdalert!!! @BBC News - Cockatoo identified in 13th Century European book @HistSciArt #sciart https://t.co/Az1RVF‚Ä¶,16
16,0.3612,0.051,0.051,0.106,@BBC,2018-07-02 01:42:55,RT @DerbyChrisW: The rightwing bias of the BBC's political commentary laid bare. Come on @BBC you can and you should do better than this. h‚Ä¶,17
17,0.0,0.0,0.0,0.0,@BBC,2018-07-02 01:41:41,"RT @BBC: Over the last 50 years, the flesh-footed shearwater population has dropped by 30%.

Plastic is a major cause of their decline.
#Pl‚Ä¶",18
18,0.0,0.0,0.0,0.0,@BBC,2018-07-02 01:41:13,RT @robursylvestris: @kbartlett114 @Ms_Revisionista @RamadanAbdrabbu @theoatens @rico_hands @cyanbutterfly @DessieMByrne @QuixotesHorse @me‚Ä¶,19
19,0.0,0.0,0.0,0.0,@BBC,2018-07-02 01:40:26,"RT @sobran_dass: #‡§∏‡§´‡§≤‡§π‡•Å‡§Ü_‡§ï‡§¨‡•Ä‡§∞‡§≠‡§Ç‡§°‡§æ‡§∞‡§æ
‡§Æ‡•Ä‡§°‡§ø‡§Ø‡§æ ‡§µ‡§æ‡§≤‡•ã ‡§®‡•á #28‡§ú‡•Ç‡§®_‡§ï‡§¨‡§ø‡§∞‡§™‡•ç‡§∞‡§ï‡§ü‡§¶‡§ø‡§µ‡§∏ ‡§™‡§∞ #‡§∏‡§Ç‡§§‡§∞‡§æ‡§Æ‡§™‡§æ‡§≤‡§ú‡•Ä‡§Æ‡§π‡§æ‡§∞‡§æ‡§ú ‡§¶‡•ç‡§µ‡§æ‡§∞‡§æ ‡§π‡§∞‡§ø‡§Ø‡§æ‡§£‡§æ ‡§∞‡•ã‡§π‡§§‡§ï ‡§Æ‡•á ‡§ï‡§ø‡§Ø‡•á ‡§µ‡§ø‡§∂‡§æ‡§≤‡§≠‡§Ç‡§°‡§æ‡§∞‡•á ‡§ï‡•Ä‚Ä¶",20
20,0.0,0.0,0.0,0.0,@BBC,2018-07-02 01:40:24,"@lopezobrador_ #Felicidades  ,todo parece indicar que seras el proximo #Presidente de #Mexico donde es una‚Ä¶ https://t.co/R4vBJD2QfA",21
21,0.0,0.0,0.0,0.0,@BBC,2018-07-02 01:40:18,RT @Ms_Revisionista: @kbartlett114 @RamadanAbdrabbu @theoatens @rico_hands @cyanbutterfly @DessieMByrne @QuixotesHorse @meNabster @SDGMaste‚Ä¶,22
22,0.0,0.0,0.0,0.0,@BBC,2018-07-02 01:39:47,"RT @sandya_mehra: #‡§∏‡§´‡§≤‡§π‡•Å‡§Ü_‡§ï‡§¨‡•Ä‡§∞‡§≠‡§Ç‡§°‡§æ‡§∞‡§æ
‡§Æ‡•Ä‡§°‡§ø‡§Ø‡§æ ‡§µ‡§æ‡§≤‡•ã ‡§®‡•á 28‡§ú‡•Ç‡§® ‡§ï‡§¨‡•Ä‡§∞ ‡§™‡•ç‡§∞‡§ï‡§ü‡§¶‡§ø‡§µ‡§∏ ‡§™‡§∞ #‡§∏‡§Ç‡§§‡§∞‡§æ‡§Æ‡§™‡§æ‡§≤‡§ú‡•Ä‡§Æ‡§π‡§æ‡§∞‡§æ‡§ú ‡§¶‡•ç‡§µ‡§æ‡§∞‡§æ ‡§π‡§∞‡§ø‡§Ø‡§æ‡§£‡§æ ‡§∞‡•ã‡§π‡§§‡§ï ‡§Æ‡•á ‡§ï‡§ø‡§Ø‡•á ‡§µ‡§ø‡§∂‡§æ‡§≤‡§≠‡§Ç‡§°‡§æ‡§∞‡•á ‡§ï‡•Ä‚Ä¶",23
23,0.0,0.0,0.0,0.0,@BBC,2018-07-02 01:37:38,RT @strutcakes: This is phenomenal. Any response from the @BBC @bbcpress? https://t.co/UmWiaBegMq,24
24,-0.2957,0.157,0.157,0.15,@BBC,2018-07-02 01:37:04,"RT @BBC: ‚úàÔ∏èüåç @RomeshRanga travels way beyond his comfort zone to some of the most beautiful, but dangerous, places on earth.

The Misadvent‚Ä¶",25
25,0.0,0.0,0.0,0.0,@BBC,2018-07-02 01:36:21,"RT @nyeannebevan: @67Snowy @GracieSamuels @BBCNews Is it so he can pursue a ""journalistic"" career....rather than @BBC ""propagandist"" one?‚Ä¶",26
26,0.0,0.0,0.0,0.0,@BBC,2018-07-02 01:36:11,Mexico election: Exit polls put L√≥pez Obrador in front - BBC News https://t.co/Ysvj2SyVOU via @BBC,27
27,0.0,0.0,0.0,0.0,@BBC,2018-07-02 01:35:56,"RT @anofiscal: @sundayschild22 @MalcolmNance @CNN @MSNBC @nbc @FBI @CBSNews @ABC @BBC @NPR What Just in Time said, all the way.  Y'all need‚Ä¶",28
28,0.0,0.0,0.0,0.0,@BBC,2018-07-02 01:35:45,"RT @DesiChora20: #‡§∏‡§´‡§≤‡§π‡•Å‡§Ü_‡§ï‡§¨‡•Ä‡§∞‡§≠‡§Ç‡§°‡§æ‡§∞‡§æ
‡§Æ‡•Ä‡§°‡§ø‡§Ø‡§æ ‡§µ‡§æ‡§≤‡•ã ‡§®‡•á 28‡§ú‡•Ç‡§® ‡§ï‡§¨‡•Ä‡§∞ ‡§™‡•ç‡§∞‡§ï‡§ü‡§¶‡§ø‡§µ‡§∏ ‡§™‡§∞ #‡§∏‡§Ç‡§§‡§∞‡§æ‡§Æ‡§™‡§æ‡§≤‡§ú‡•Ä‡§Æ‡§π‡§æ‡§∞‡§æ‡§ú ‡§¶‡•ç‡§µ‡§æ‡§∞‡§æ ‡§π‡§∞‡§ø‡§Ø‡§æ‡§£‡§æ ‡§∞‡•ã‡§π‡§§‡§ï ‡§Æ‡•á ‡§ï‡§ø‡§Ø‡•á ‡§µ‡§ø‡§∂‡§æ‡§≤‡§≠‡§Ç‡§°‡§æ‡§∞‡•á ‡§ï‡•Ä‚Ä¶",29
29,0.0,0.0,0.0,0.0,@BBC,2018-07-02 01:35:35,"RT @BBC: Over the last 50 years, the flesh-footed shearwater population has dropped by 30%.

Plastic is a major cause of their decline.
#Pl‚Ä¶",30
30,-0.9136,0.394,0.394,0.0,@BBC,2018-07-02 01:35:05,"RT @W_McPrivilege: Hey @BBC 
A screenshot from your website defines what racism is, and says racism is a crime. The next screenshot demonst‚Ä¶",31
31,0.0,0.0,0.0,0.0,@BBC,2018-07-02 01:34:23,RT @BBC: üå≥ How trees secretly talk to each other.  https://t.co/IuLAvWPwKj,32
32,0.7269,0.0,0.0,0.295,@BBC,2018-07-02 01:34:14,"RT @dwdrums: . @snowpatrol and drummer, Johnny Quinn recently played the @BBC Biggest Weekend Festival. They also launched their new album‚Ä¶",33
33,0.6792,0.0,0.0,0.202,@BBC,2018-07-02 01:33:51,"RT @MurqusMark: @robn1980 @IlliyAli Just look at her reaction! ""Oh my god he is spilling the beans. Better shut him up, quickly!"" and then‚Ä¶",34
34,0.7213,0.0,0.0,0.317,@BBC,2018-07-02 01:33:11,@BritishRoyal2 @BBCNews @BBCWorld @WildlifeMag @BBC @GREATBritain @SoCoInt PLEASE put decency &amp; compassion ahead of‚Ä¶ https://t.co/0WNtTgHbHX,35
35,0.0,0.0,0.0,0.0,@BBC,2018-07-02 01:31:58,"RT @BBC: Over the last 50 years, the flesh-footed shearwater population has dropped by 30%.

Plastic is a major cause of their decline.
#Pl‚Ä¶",36
36,0.0,0.0,0.0,0.0,@BBC,2018-07-02 01:30:57,"RT @yashwantdas01: #‡§∏‡§´‡§≤‡§π‡•Å‡§Ü_‡§ï‡§¨‡•Ä‡§∞‡§≠‡§Ç‡§°‡§æ‡§∞‡§æ
‡§Æ‡•Ä‡§°‡§ø‡§Ø‡§æ ‡§µ‡§æ‡§≤‡•ã ‡§®‡•á #28‡§ú‡•Ç‡§®_‡§ï‡§¨‡§ø‡§∞‡§™‡•ç‡§∞‡§ï‡§ü‡§¶‡§ø‡§µ‡§∏ ‡§™‡§∞ #‡§∏‡§Ç‡§§‡§∞‡§æ‡§Æ‡§™‡§æ‡§≤‡§ú‡•Ä‡§Æ‡§π‡§æ‡§∞‡§æ‡§ú ‡§¶‡•ç‡§µ‡§æ‡§∞‡§æ ‡§π‡§∞‡§ø‡§Ø‡§æ‡§£‡§æ ‡§∞‡•ã‡§π‡§§‡§ï ‡§Æ‡•á ‡§ï‡§ø‡§Ø‡•á ‡§µ‡§ø‡§∂‡§æ‡§≤‡§≠‡§Ç‡§°‡§æ‡§∞‡•á ‡§ï‡•Ä‚Ä¶",37
37,0.0,0.0,0.0,0.0,@BBC,2018-07-02 01:29:44,"@matthewjdowd @sebastianroch1 @dowd @realDonaldTrump @BBC @realDonaldTrump and I are two black women in this video,‚Ä¶ https://t.co/pXAzrSbMI0",38
38,0.0,0.0,0.0,0.0,@BBC,2018-07-02 01:29:35,"RT @sobran_dass: #‡§∏‡§´‡§≤‡§π‡•Å‡§Ü_‡§ï‡§¨‡•Ä‡§∞‡§≠‡§Ç‡§°‡§æ‡§∞‡§æ
‡§Æ‡•Ä‡§°‡§ø‡§Ø‡§æ ‡§µ‡§æ‡§≤‡•ã ‡§®‡•á #28‡§ú‡•Ç‡§®_‡§ï‡§¨‡§ø‡§∞‡§™‡•ç‡§∞‡§ï‡§ü‡§¶‡§ø‡§µ‡§∏ ‡§™‡§∞ #‡§∏‡§Ç‡§§‡§∞‡§æ‡§Æ‡§™‡§æ‡§≤‡§ú‡•Ä‡§Æ‡§π‡§æ‡§∞‡§æ‡§ú ‡§¶‡•ç‡§µ‡§æ‡§∞‡§æ ‡§π‡§∞‡§ø‡§Ø‡§æ‡§£‡§æ ‡§∞‡•ã‡§π‡§§‡§ï ‡§Æ‡•á ‡§ï‡§ø‡§Ø‡•á ‡§µ‡§ø‡§∂‡§æ‡§≤‡§≠‡§Ç‡§°‡§æ‡§∞‡•á ‡§ï‡•Ä‚Ä¶",39
39,0.0,0.0,0.0,0.0,@BBC,2018-07-02 01:28:38,@matthewjdowd @sebastianroch1 @dowd @realDonaldTrump @BBC https://t.co/7NjaSEjeMt,40
40,0.0,0.0,0.0,0.0,@BBC,2018-07-02 01:28:29,"@matthewjdowd @sebastianroch1 @dowd @realDonaldTrump @BBC #Kabbalah is history, science, mysticism all rolled up in‚Ä¶ https://t.co/T0kYwqisYx",41
41,0.0,0.0,0.0,0.0,@BBC,2018-07-02 01:27:54,"RT @sandya_mehra: #‡§∏‡§´‡§≤‡§π‡•Å‡§Ü_‡§ï‡§¨‡•Ä‡§∞‡§≠‡§Ç‡§°‡§æ‡§∞‡§æ
‡§Æ‡•Ä‡§°‡§ø‡§Ø‡§æ ‡§µ‡§æ‡§≤‡•ã ‡§®‡•á 28‡§ú‡•Ç‡§® ‡§ï‡§¨‡•Ä‡§∞ ‡§™‡•ç‡§∞‡§ï‡§ü‡§¶‡§ø‡§µ‡§∏ ‡§™‡§∞ #‡§∏‡§Ç‡§§‡§∞‡§æ‡§Æ‡§™‡§æ‡§≤‡§ú‡•Ä‡§Æ‡§π‡§æ‡§∞‡§æ‡§ú ‡§¶‡•ç‡§µ‡§æ‡§∞‡§æ ‡§π‡§∞‡§ø‡§Ø‡§æ‡§£‡§æ ‡§∞‡•ã‡§π‡§§‡§ï ‡§Æ‡•á ‡§ï‡§ø‡§Ø‡•á ‡§µ‡§ø‡§∂‡§æ‡§≤‡§≠‡§Ç‡§°‡§æ‡§∞‡•á ‡§ï‡•Ä‚Ä¶",42
42,0.0,0.0,0.0,0.0,@BBC,2018-07-02 01:27:37,RT @Johnkamau7: @jansteenvoort2 @KimKardashian @khloekardashian @katyperry @EmmyKosgei @taylorswift13 @Karimi_Karen @gloria_muliro @donmoen‚Ä¶,43
43,0.636,0.0,0.0,0.181,@BBC,2018-07-02 01:27:19,"RT @muadmzaki: Congratulations to Mexico's new leftists  President President Lopez! I have been waiting for more than 20yrs for this, just‚Ä¶",44
44,0.0,0.0,0.0,0.0,@BBC,2018-07-02 01:26:51,RT @Blakkrasta: Get the biggest banger in Africa right now. See if you can stay on your feet when it starts to pla... @djempresstashai @MOB‚Ä¶,45
45,-0.4215,0.167,0.167,0.0,@BBC,2018-07-02 01:25:53,@matthewjdowd @sebastianroch1 @dowd @realDonaldTrump others. The @BBC is guilty of being part of the‚Ä¶ https://t.co/mGdbJhOgzG,46
46,0.0,0.0,0.0,0.0,@BBC,2018-07-02 01:25:52,"‚Å¶@cnni‚Å© @nytimesworld ‚Å¶@TimesofIsrael‚Å© @BBCWorld @bbc ‚Å¶@CICSaudi‚Å©
Lib  #FakeOutrage is for political agenda-no lib‚Ä¶ https://t.co/49Dy0383ab",47
47,0.0,0.0,0.0,0.0,@BBC,2018-07-02 01:25:23,"RT @RussiaConnects: For ACCURATE reporting on #Syria follow:

@EvaKBartlett
@VanessaBeeley
@Partisangirl
@sahouraxo
@sarahabed84
@syria24me‚Ä¶",48
48,0.636,0.0,0.0,0.198,@BBC,2018-07-02 01:24:09,Congratulations to Mexico's new leftists  President President Lopez! I have been waiting for more than 20yrs for th‚Ä¶ https://t.co/Wt5OxmjZwR,49
49,0.0,0.0,0.0,0.0,@BBC,2018-07-02 01:24:08,"RT @sandya_mehra: #‡§∏‡§´‡§≤‡§π‡•Å‡§Ü_‡§ï‡§¨‡•Ä‡§∞‡§≠‡§Ç‡§°‡§æ‡§∞‡§æ
‡§Æ‡•Ä‡§°‡§ø‡§Ø‡§æ ‡§µ‡§æ‡§≤‡•ã ‡§®‡•á 28‡§ú‡•Ç‡§® ‡§ï‡§¨‡•Ä‡§∞ ‡§™‡•ç‡§∞‡§ï‡§ü‡§¶‡§ø‡§µ‡§∏ ‡§™‡§∞ #‡§∏‡§Ç‡§§‡§∞‡§æ‡§Æ‡§™‡§æ‡§≤‡§ú‡•Ä‡§Æ‡§π‡§æ‡§∞‡§æ‡§ú ‡§¶‡•ç‡§µ‡§æ‡§∞‡§æ ‡§π‡§∞‡§ø‡§Ø‡§æ‡§£‡§æ ‡§∞‡•ã‡§π‡§§‡§ï ‡§Æ‡•á ‡§ï‡§ø‡§Ø‡•á ‡§µ‡§ø‡§∂‡§æ‡§≤‡§≠‡§Ç‡§°‡§æ‡§∞‡•á ‡§ï‡•Ä‚Ä¶",50
50,0.34,0.0,0.0,0.286,@BBC,2018-07-02 01:24:06,@BBC endorses #wilfulignorance and Orwellian #transpeak https://t.co/ZiRec5LqCm,51
51,0.0,0.0,0.0,0.0,@BBC,2018-07-02 01:24:04,RT @Pingachoo: @nyeannebevan @67Snowy @GracieSamuels @BBCNews @BBC  https://t.co/rAUhBcgrMR,52
52,0.0,0.0,0.0,0.0,@BBC,2018-07-02 01:23:52,"RT @nyeannebevan: @67Snowy @GracieSamuels @BBCNews Is it so he can pursue a ""journalistic"" career....rather than @BBC ""propagandist"" one?‚Ä¶",53
53,0.5859,0.0,0.0,0.153,@BBC,2018-07-02 01:23:49,"RT @TezuRathi: #NewIndia_DowryFree
It's amazing, must watch debate between all religious teachers on ‡§µ‡§æ‡§£‡•Ä TV channel at 9:30 p.m to 10:30 p‚Ä¶",54
54,0.0,0.0,0.0,0.0,@BBC,2018-07-02 01:22:42,"@CNNnewsroom @cnni @nytimesworld @TimesofIsrael @RealCandaceO @BBCWorld @bbc @CanadianPM 
Lib  #FakeOutrage is only‚Ä¶ https://t.co/TjGtz0kWKj",55
55,0.0,0.0,0.0,0.0,@BBC,2018-07-02 01:21:50,"https://t.co/6KLKECTDQT DESMIENTE estas MENTIRAS, abajo PRESENTADAS @BBC @CNN @NBC https://t.co/bZ4zcZt81F",56
56,0.5859,0.0,0.0,0.275,@BBC,2018-07-02 01:21:17,RT @BBC: ‚ù§Ô∏è What a lovely thing to do for someone. https://t.co/goE9GEi8k0,57
57,-0.4939,0.228,0.228,0.11,@BBC,2018-07-02 01:19:18,"@BBC @BBCFOUR Wicked old psychopath Viner-Usmanova üò°she should be locked up, not lauded and given awards.  I feel ill after watching that üòî",58
58,0.0,0.0,0.0,0.0,@BBC,2018-07-02 01:19:14,Ê∏ÖÂçéÂ§ßÂ≠¶ÂΩïÂèñÈÄöÁü•‰π¶ÔºåÂ§πÂ∏¶‰∏Ä‰ªΩÊøÄÂÖâÈõïÂàªÁöÑ3DÊ∏ÖÂçé‚Äú‰∫åÊ†°Èó®‚ÄùÁ∫∏ÈõïÂ∑•Ëâ∫ÂìÅ„ÄÇÊâìÂºÄÈÄöÁü•‰π¶Ôºå‰∫åÊ†°Èó®Â∞±‰ºöË∑ÉÁÑ∂Á∫∏‰∏ä„ÄÇ@bbc  @RFI_Cn @cnfocus @dw_chinese @nytchinese @VOAChinese‚Ä¶ https://t.co/fwBOrIdgma,59
59,0.0,0.0,0.0,0.0,@BBC,2018-07-02 01:19:07,RT @Bennettt60: A Human Planet episode of just people from the tristate saying yerrr @BBC @Discovery,60
60,0.7474,0.0,0.0,0.261,@BBC,2018-07-02 01:18:37,"@marcuschown Well the overpaid, just following orders people @BBC don't need the NHS. So They're quite happy to see‚Ä¶ https://t.co/QKXZs9Rzx4",61
61,0.0,0.0,0.0,0.0,@BBC,2018-07-02 01:18:03,"RT @Raman_Ghavami: BBCFarsi correspondent deliberately mistranslates what Trump says in this video.
Trump:‚ÄùWho is their(Gulf countries)bigg‚Ä¶",62
62,0.0,0.0,0.0,0.0,@BBC,2018-07-02 01:17:51,"RT @sobran_dass: #‡§∏‡§´‡§≤‡§π‡•Å‡§Ü_‡§ï‡§¨‡•Ä‡§∞‡§≠‡§Ç‡§°‡§æ‡§∞‡§æ
‡§Æ‡•Ä‡§°‡§ø‡§Ø‡§æ ‡§µ‡§æ‡§≤‡•ã ‡§®‡•á #28‡§ú‡•Ç‡§®_‡§ï‡§¨‡§ø‡§∞‡§™‡•ç‡§∞‡§ï‡§ü‡§¶‡§ø‡§µ‡§∏ ‡§™‡§∞ #‡§∏‡§Ç‡§§‡§∞‡§æ‡§Æ‡§™‡§æ‡§≤‡§ú‡•Ä‡§Æ‡§π‡§æ‡§∞‡§æ‡§ú ‡§¶‡•ç‡§µ‡§æ‡§∞‡§æ ‡§π‡§∞‡§ø‡§Ø‡§æ‡§£‡§æ ‡§∞‡•ã‡§π‡§§‡§ï ‡§Æ‡•á ‡§ï‡§ø‡§Ø‡•á ‡§µ‡§ø‡§∂‡§æ‡§≤‡§≠‡§Ç‡§°‡§æ‡§∞‡•á ‡§ï‡•Ä‚Ä¶",63
63,0.0,0.0,0.0,0.0,@BBC,2018-07-02 01:17:13,"RT @anofiscal: @sundayschild22 @MalcolmNance @CNN @MSNBC @nbc @FBI @CBSNews @ABC @BBC @NPR What Just in Time said, all the way.  Y'all need‚Ä¶",64
64,-0.128,0.124,0.124,0.107,@BBC,2018-07-02 01:17:03,"RT @BBC: Half of all people who drown never intended to be in the water.

Knowing how to stay afloat could save your life üëá https://t.co/94‚Ä¶",65
65,0.0,0.0,0.0,0.0,@BBC,2018-07-02 01:15:47,@BBC @bbcmundo @BBCBreaking @BBCWorld https://t.co/rtPrabbl2N,66
66,0.0,0.0,0.0,0.0,@BBC,2018-07-02 01:15:29,"RT @Raman_Ghavami: BBCFarsi correspondent deliberately mistranslates what Trump says in this video.
Trump:‚ÄùWho is their(Gulf countries)bigg‚Ä¶",67
67,0.0,0.0,0.0,0.0,@BBC,2018-07-02 01:14:48,"#MondayMotivaton
 ‡§™‡•Ç‡§∞‡•ç‡§£ ‡§™‡§∞‡§Æ‡§æ‡§§‡•ç‡§Æ‡§æ ‡§ï‡•Ä ‡§ñ‡•ã‡§ú ‡§ï‡§∞‡§®‡•á ‡§ï‡•á ‡§≤‡§ø‡§è ‡§ï‡§ø‡§∏‡•Ä ‡§§‡§§‡•ç‡§µ‡§¶‡§∞‡•ç‡§∂‡•Ä ‡§∏‡§Ç‡§§ ‡§ï‡•Ä ‡§ñ‡•ã‡§ú ‡§ï‡§∞‡§ï‡•á ‡§∏‡§§ ‡§≠‡§ï‡•ç‡§§‡§ø ‡§ï‡§∞‡§®‡•Ä ‡§π‡•ã‡§§‡•Ä ‡§π‡•à (‡§Ü‡§ú ‡§µ‡•ã ‡§§‡§§‡•ç‚Ä¶ https://t.co/4QK2lzGb2D",68
68,0.4404,0.0,0.0,0.127,@BBC,2018-07-02 01:14:43,"RT @anofiscal: @sundayschild22 @MalcolmNance @CNN @MSNBC @nbc @FBI @CBSNews @ABC @BBC @NPR You, sir, are CORRECT.  And good for you.  Takes‚Ä¶",69
69,0.0,0.0,0.0,0.0,@BBC,2018-07-02 01:14:28,RT @BBC: üå≥ How trees secretly talk to each other.  https://t.co/IuLAvWPwKj,70
70,-0.5267,0.145,0.145,0.0,@BBC,2018-07-02 01:14:19,"RT @sundayschild22: @MalcolmNance @CNN @MSNBC @NBC @FBI @CBSNews @ABC @BBC @NPR ‚Äî This is a direct threat from trump, he is inciting violen‚Ä¶",71
71,0.0,0.0,0.0,0.0,@BBC,2018-07-02 01:13:41,"RT @sandya_mehra: #‡§∏‡§´‡§≤‡§π‡•Å‡§Ü_‡§ï‡§¨‡•Ä‡§∞‡§≠‡§Ç‡§°‡§æ‡§∞‡§æ
‡§Æ‡•Ä‡§°‡§ø‡§Ø‡§æ ‡§µ‡§æ‡§≤‡•ã ‡§®‡•á 28‡§ú‡•Ç‡§® ‡§ï‡§¨‡•Ä‡§∞ ‡§™‡•ç‡§∞‡§ï‡§ü‡§¶‡§ø‡§µ‡§∏ ‡§™‡§∞ #‡§∏‡§Ç‡§§‡§∞‡§æ‡§Æ‡§™‡§æ‡§≤‡§ú‡•Ä‡§Æ‡§π‡§æ‡§∞‡§æ‡§ú ‡§¶‡•ç‡§µ‡§æ‡§∞‡§æ ‡§π‡§∞‡§ø‡§Ø‡§æ‡§£‡§æ ‡§∞‡•ã‡§π‡§§‡§ï ‡§Æ‡•á ‡§ï‡§ø‡§Ø‡•á ‡§µ‡§ø‡§∂‡§æ‡§≤‡§≠‡§Ç‡§°‡§æ‡§∞‡•á ‡§ï‡•Ä‚Ä¶",72
72,0.0,0.0,0.0,0.0,@BBC,2018-07-02 01:11:32,"RT @yashwantdas01: #‡§∏‡§´‡§≤‡§π‡•Å‡§Ü_‡§ï‡§¨‡•Ä‡§∞‡§≠‡§Ç‡§°‡§æ‡§∞‡§æ
‡§Æ‡•Ä‡§°‡§ø‡§Ø‡§æ ‡§µ‡§æ‡§≤‡•ã ‡§®‡•á #28‡§ú‡•Ç‡§®_‡§ï‡§¨‡§ø‡§∞‡§™‡•ç‡§∞‡§ï‡§ü‡§¶‡§ø‡§µ‡§∏ ‡§™‡§∞ #‡§∏‡§Ç‡§§‡§∞‡§æ‡§Æ‡§™‡§æ‡§≤‡§ú‡•Ä‡§Æ‡§π‡§æ‡§∞‡§æ‡§ú ‡§¶‡•ç‡§µ‡§æ‡§∞‡§æ ‡§π‡§∞‡§ø‡§Ø‡§æ‡§£‡§æ ‡§∞‡•ã‡§π‡§§‡§ï ‡§Æ‡•á ‡§ï‡§ø‡§Ø‡•á ‡§µ‡§ø‡§∂‡§æ‡§≤‡§≠‡§Ç‡§°‡§æ‡§∞‡•á ‡§ï‡•Ä‚Ä¶",73
73,0.0,0.0,0.0,0.0,@BBC,2018-07-02 01:11:11,"RT @be_praised: @LuvverDuck @DVATW @BBC Whoever it is, they should be sacked for going outside the parameters of the make up of the populat‚Ä¶",74
74,0.0,0.0,0.0,0.0,@BBC,2018-07-02 01:11:06,"RT @LuvverDuck: @DVATW Why does @BBC even have a ""Head of Diversity""",75
75,0.0,0.0,0.0,0.0,@BBC,2018-07-02 01:10:18,RT @70Formula: @WSJ @RosenforNevada @USSenate @USCongress @DNC @BBC @CBSNews @SenBobCorker @NBCNews @tedlieu @nytimes @TGowdySC @TheLeadCNN‚Ä¶,76
76,0.0,0.0,0.0,0.0,@BBC,2018-07-02 01:10:14,RT @BBC: üå≥ How trees secretly talk to each other.  https://t.co/IuLAvWPwKj,77
77,0.0,0.0,0.0,0.0,@BBC,2018-07-02 01:10:02,"RT @sobran_dass: #‡§∏‡§´‡§≤‡§π‡•Å‡§Ü_‡§ï‡§¨‡•Ä‡§∞‡§≠‡§Ç‡§°‡§æ‡§∞‡§æ
‡§Æ‡•Ä‡§°‡§ø‡§Ø‡§æ ‡§µ‡§æ‡§≤‡•ã ‡§®‡•á #28‡§ú‡•Ç‡§®_‡§ï‡§¨‡§ø‡§∞‡§™‡•ç‡§∞‡§ï‡§ü‡§¶‡§ø‡§µ‡§∏ ‡§™‡§∞ #‡§∏‡§Ç‡§§‡§∞‡§æ‡§Æ‡§™‡§æ‡§≤‡§ú‡•Ä‡§Æ‡§π‡§æ‡§∞‡§æ‡§ú ‡§¶‡•ç‡§µ‡§æ‡§∞‡§æ ‡§π‡§∞‡§ø‡§Ø‡§æ‡§£‡§æ ‡§∞‡•ã‡§π‡§§‡§ï ‡§Æ‡•á ‡§ï‡§ø‡§Ø‡•á ‡§µ‡§ø‡§∂‡§æ‡§≤‡§≠‡§Ç‡§°‡§æ‡§∞‡•á ‡§ï‡•Ä‚Ä¶",78
78,0.0,0.0,0.0,0.0,@BBC,2018-07-02 01:10:01,"RT @Raman_Ghavami: BBCFarsi correspondent deliberately mistranslates what Trump says in this video.
Trump:‚ÄùWho is their(Gulf countries)bigg‚Ä¶",79
79,0.6369,0.0,0.0,0.215,@BBC,2018-07-02 01:08:55,"RT @buzhna: Good for once to hear the truth about NHS privatisation @BBC , from Tony O'Sullivan @keepnhspublic. 47 minutes in: https://t.co‚Ä¶",80
80,0.0,0.0,0.0,0.0,@BBC,2018-07-02 01:08:26,"RT @sandya_mehra: #‡§∏‡§´‡§≤‡§π‡•Å‡§Ü_‡§ï‡§¨‡•Ä‡§∞‡§≠‡§Ç‡§°‡§æ‡§∞‡§æ
‡§Æ‡•Ä‡§°‡§ø‡§Ø‡§æ ‡§µ‡§æ‡§≤‡•ã ‡§®‡•á 28‡§ú‡•Ç‡§® ‡§ï‡§¨‡•Ä‡§∞ ‡§™‡•ç‡§∞‡§ï‡§ü‡§¶‡§ø‡§µ‡§∏ ‡§™‡§∞ #‡§∏‡§Ç‡§§‡§∞‡§æ‡§Æ‡§™‡§æ‡§≤‡§ú‡•Ä‡§Æ‡§π‡§æ‡§∞‡§æ‡§ú ‡§¶‡•ç‡§µ‡§æ‡§∞‡§æ ‡§π‡§∞‡§ø‡§Ø‡§æ‡§£‡§æ ‡§∞‡•ã‡§π‡§§‡§ï ‡§Æ‡•á ‡§ï‡§ø‡§Ø‡•á ‡§µ‡§ø‡§∂‡§æ‡§≤‡§≠‡§Ç‡§°‡§æ‡§∞‡•á ‡§ï‡•Ä‚Ä¶",81
81,0.0,0.0,0.0,0.0,@BBC,2018-07-02 01:08:15,"RT @whackfrost: @DVATW And Greg Dyke claimed the BBC was ""too white"". 
Reality is it's anti-white and too homosexual, too trans, much too l‚Ä¶",82
82,0.0,0.0,0.0,0.0,@BBC,2018-07-02 01:06:12,"RT @Raman_Ghavami: BBCFarsi correspondent deliberately mistranslates what Trump says in this video.
Trump:‚ÄùWho is their(Gulf countries)bigg‚Ä¶",83
83,0.0,0.0,0.0,0.0,@BBC,2018-07-02 01:06:00,"RT @sobran_dass: #‡§∏‡§´‡§≤‡§π‡•Å‡§Ü_‡§ï‡§¨‡•Ä‡§∞‡§≠‡§Ç‡§°‡§æ‡§∞‡§æ
‡§Æ‡•Ä‡§°‡§ø‡§Ø‡§æ ‡§µ‡§æ‡§≤‡•ã ‡§®‡•á #28‡§ú‡•Ç‡§®_‡§ï‡§¨‡§ø‡§∞‡§™‡•ç‡§∞‡§ï‡§ü‡§¶‡§ø‡§µ‡§∏ ‡§™‡§∞ #‡§∏‡§Ç‡§§‡§∞‡§æ‡§Æ‡§™‡§æ‡§≤‡§ú‡•Ä‡§Æ‡§π‡§æ‡§∞‡§æ‡§ú ‡§¶‡•ç‡§µ‡§æ‡§∞‡§æ ‡§π‡§∞‡§ø‡§Ø‡§æ‡§£‡§æ ‡§∞‡•ã‡§π‡§§‡§ï ‡§Æ‡•á ‡§ï‡§ø‡§Ø‡•á ‡§µ‡§ø‡§∂‡§æ‡§≤‡§≠‡§Ç‡§°‡§æ‡§∞‡•á ‡§ï‡•Ä‚Ä¶",84
84,0.0,0.0,0.0,0.0,@BBC,2018-07-02 01:05:24,"BBCFarsi correspondent deliberately mistranslates what Trump says in this video.
Trump:‚ÄùWho is their(Gulf countries‚Ä¶ https://t.co/KYo3dUQUlM",85
85,0.0,0.0,0.0,0.0,@BBC,2018-07-02 01:04:02,"RT @sobran_dass: #‡§∏‡§´‡§≤‡§π‡•Å‡§Ü_‡§ï‡§¨‡•Ä‡§∞‡§≠‡§Ç‡§°‡§æ‡§∞‡§æ
‡§Æ‡•Ä‡§°‡§ø‡§Ø‡§æ ‡§µ‡§æ‡§≤‡•ã ‡§®‡•á #28‡§ú‡•Ç‡§®_‡§ï‡§¨‡§ø‡§∞‡§™‡•ç‡§∞‡§ï‡§ü‡§¶‡§ø‡§µ‡§∏ ‡§™‡§∞ #‡§∏‡§Ç‡§§‡§∞‡§æ‡§Æ‡§™‡§æ‡§≤‡§ú‡•Ä‡§Æ‡§π‡§æ‡§∞‡§æ‡§ú ‡§¶‡•ç‡§µ‡§æ‡§∞‡§æ ‡§π‡§∞‡§ø‡§Ø‡§æ‡§£‡§æ ‡§∞‡•ã‡§π‡§§‡§ï ‡§Æ‡•á ‡§ï‡§ø‡§Ø‡•á ‡§µ‡§ø‡§∂‡§æ‡§≤‡§≠‡§Ç‡§°‡§æ‡§∞‡•á ‡§ï‡•Ä‚Ä¶",86
86,0.3818,0.0,0.0,0.098,@BBC,2018-07-02 01:03:33,"RT @jaybird2414: Any law in India to protect men who been physically, mentally harrassed by wife and in laws?
What option does men have oth‚Ä¶",87
87,-0.0516,0.248,0.248,0.192,@BBC,2018-07-02 01:03:10,"RT @BBC: Why were these photos of the Great Depression censored using a hole punch?
https://t.co/LijCpCURdC",88
88,-0.4019,0.114,0.114,0.0,@BBC,2018-07-02 01:02:36,"RT @rick135b7: @shafiur @nslwin @Safiter2018 THE TULA TOLI NON -‚ÄòMASSACRE‚Äô - 
 WHICH SIDE OF THE RIVER IS WET KYEIN? and other problems
@UN‚Ä¶",89
89,0.5423,0.112,0.112,0.238,@BBC,2018-07-02 01:02:22,RT @GriffithARI: A great video from the @BBC  on the importance of #measuring the #humanimpact of poor #pollution management on #marine #wi‚Ä¶,90
90,-0.34,0.124,0.124,0.0,@BBC,2018-07-02 01:01:54,"RT @Darren_2502: I‚Äôm watching #ReportingTrumpsFirstYear &amp;this came up during a meeting,  discussing the release of a story. Worrying abt ca‚Ä¶",91
91,0.0,0.0,0.0,0.0,@BBC,2018-07-02 01:01:20,RT @BBC: üå≥ How trees secretly talk to each other.  https://t.co/IuLAvWPwKj,92
92,0.0,0.0,0.0,0.0,@BBC,2018-07-02 01:01:19,@BBC put some girls on netflix already,93
93,0.0,0.0,0.0,0.0,@BBC,2018-07-02 01:00:15,RT @BBC: üå≥ How trees secretly talk to each other.  https://t.co/IuLAvWPwKj,94
94,0.0,0.0,0.0,0.0,@BBC,2018-07-02 01:00:11,@WSJ @RosenforNevada @USSenate @USCongress @DNC @BBC @CBSNews @SenBobCorker @NBCNews @tedlieu @nytimes @TGowdySC‚Ä¶ https://t.co/xGLbebRPIC,95
95,0.3612,0.051,0.051,0.106,@BBC,2018-07-02 00:59:51,RT @DerbyChrisW: The rightwing bias of the BBC's political commentary laid bare. Come on @BBC you can and you should do better than this. h‚Ä¶,96
96,0.0,0.0,0.0,0.0,@BBC,2018-07-02 00:59:09,"RT @sundayschild22: @anofiscal @MalcolmNance @CNN @MSNBC @nbc @FBI @CBSNews @ABC @BBC @NPR TO #TheResistance ‚Äî Be all over this, tell every‚Ä¶",97
97,0.0,0.0,0.0,0.0,@BBC,2018-07-02 00:59:06,TANTITA pena deber√≠an TENER en el  PAN @AccionNacional . @BBC @CNN @NBC https://t.co/cwVvpt3egA,98
98,-0.5267,0.145,0.145,0.0,@BBC,2018-07-02 00:58:59,"RT @sundayschild22: @MalcolmNance @CNN @MSNBC @NBC @FBI @CBSNews @ABC @BBC @NPR ‚Äî This is a direct threat from trump, he is inciting violen‚Ä¶",99
99,0.4939,0.0,0.0,0.132,@CBS,2018-07-02 01:51:24,RT @SportTechie: This week the @NFL and @CBS announced an expansion of their streaming agreement which will now include #streaming access v‚Ä¶,1
100,0.0,0.0,0.0,0.0,@CBS,2018-07-02 01:50:31,RT @HapkJits_ADDICT: @NorsemanActual @realDonaldTrump @nytimes @NBCNews @ABC @CBS @CNN  https://t.co/Tcd1otbvpJ,2
101,0.6369,0.0,0.0,0.208,@CBS,2018-07-02 01:48:54,"RT @ISAACYASS: @realDonaldTrump
@restore_US_now
@AP @cnnbrk @nytimes @CNN
@POTUS @WSJ @ABC @CBS
@FoxNews
@AnnCoulter
.
Love this. . https:/‚Ä¶",3
102,0.0,0.0,0.0,0.0,@CBS,2018-07-02 01:48:41,@CBS hi,4
103,0.0,0.0,0.0,0.0,@CBS,2018-07-02 01:48:31,"RT @ISAACYASS: @realDonaldTrump
@restore_US_now
@AP @cnnbrk @nytimes @CNN
@POTUS @WSJ @ABC @CBS
@FoxNews
@AnnCoulter
.
Remember https://t.c‚Ä¶",5
104,-0.6908,0.231,0.231,0.0,@CBS,2018-07-02 01:48:26,@SecElaineChao @msnbc @cbs @abc @CNN Stop acting victimize for your old geezer husband. If you and old geezer can n‚Ä¶ https://t.co/LMFQDUPdaA,6
105,0.0,0.0,0.0,0.0,@CBS,2018-07-02 01:48:24,"RT @ISAACYASS: @realDonaldTrump
@restore_US_now
@AP @cnnbrk @nytimes @CNN
@POTUS @WSJ @ABC @CBS
@FoxNews
@AnnCoulter
.
Think of it: https:/‚Ä¶",7
106,0.4404,0.0,0.0,0.146,@CBS,2018-07-02 01:48:07,"RT @ISAACYASS: @realDonaldTrump
@restore_US_now
@AP @cnnbrk @nytimes @CNN
@POTUS @WSJ @ABC @CBS
@FoxNews
@AnnCoulter
.
Nicely done,
By Jaco‚Ä¶",8
107,0.0,0.0,0.0,0.0,@CBS,2018-07-02 01:47:52,"RT @ISAACYASS: @FoxNews @MariaBartiromo @POTUS .
@realDonaldTrump
@restore_US_now
@AP @cnnbrk @nytimes @CNN
@POTUS @WSJ @ABC @CBS
@FoxNews‚Ä¶",9
108,0.0,0.0,0.0,0.0,@CBS,2018-07-02 01:47:34,"RT @ISAACYASS: @realDonaldTrump
@restore_US_now
@AP @cnnbrk @nytimes @CNN
@POTUS @WSJ @ABC @CBS
@FoxNews
@AnnCoulter
.
Trump at age 34
UnAi‚Ä¶",10
109,0.0,0.0,0.0,0.0,@CBS,2018-07-02 01:47:01,"RT @ISAACYASS: @cnnbrk @realDonaldTrump
@restore_US_now
@AP @cnnbrk @CNN @WSJ @ABC @CBS
@FoxNews
@AnnCoulter
.
2,700,000 AMERICAN
kids with‚Ä¶",11
110,0.0,0.0,0.0,0.0,@CBS,2018-07-02 01:46:58,@fantomseeker @PennyWainwrigh1 @ForeverLogical @larryelder @GOP @nytimes @NBCNews @ABC @CBS @CNN Do you have proof?,12
111,0.0,0.0,0.0,0.0,@CBS,2018-07-02 01:45:12,RT @JaprilMint2Be: Still salty that @cbs passed on Cagney and Lacey tbh,13
112,0.0,0.0,0.0,0.0,@CBS,2018-07-02 01:44:40,@xijingping @PutinRF @washingtonpost @uriminzok @nbc @DerSPIEGEL @lemondefr @CNN @MSNBC @realDonaldTrump @Twitter‚Ä¶ https://t.co/aWsIv56Xg9,14
113,0.4019,0.0,0.0,0.184,@CBS,2018-07-02 01:43:54,"RT @frakikkalp85: #AmyAcker #RootIsAlive #PersonOfInterest
@POIWritersRoom @CBS  
Yes, I did
#ShootSpinOff #POI6 #IDontGiveUp #SamanthaGrov‚Ä¶",15
114,0.0,0.0,0.0,0.0,@CBS,2018-07-02 01:43:42,RT @frakikkalp85: @PersonOfInterest Bring them back! #RootIsAlive #ShootSpinOff #wewantthemback @CBS https://t.co/lgED9uzVY3,16
115,-0.7036,0.295,0.295,0.155,@CBS,2018-07-02 01:43:37,"RT @rjouchen: Love isn't always beautiful, but it's still so damn worth it.
@warnerbrostv @CBS We need Shoot back! All of fandoms are waiti‚Ä¶",17
116,0.714,0.061,0.061,0.25,@CBS,2018-07-02 01:43:36,"RT @flyingeagle2223: I need #Deception back in my life i miss it 
... please think about picking up this fantastic show @DeceptionABC  #iLo‚Ä¶",18
117,0.3182,0.0,0.0,0.141,@CBS,2018-07-02 01:43:19,RT @CMitchel14: @NancyPelosi @SenKamalaHarris @SenFeinstein @RepMaxineWaters @seanhannity @foxnews @cnn @msnbc @abc @CBS   Securing the bor‚Ä¶,19
118,0.4215,0.0,0.0,0.318,@CBS,2018-07-02 01:43:17,@frakikkalp85 @4_A_F @PersonInterest @CBS @POIWritersRoom Nice picüòä,20
119,0.3612,0.0,0.0,0.122,@CBS,2018-07-02 01:43:17,"RT @Dry_Observer: @ericgarland @CNN @ABC @CBS @NBCNews @MSNBC .@CNN .@ABC .@CBS .@NBCNews .@MSNBC 
If you would like further clarification‚Ä¶",21
120,0.6249,0.0,0.0,0.255,@CBS,2018-07-02 01:42:47,RT @frakikkalp85: @PersonInterest  #AmyAcker #SarahShahi @CBS @POIWritersRoom It would be great a #ShootSpinOff https://t.co/s0PrfWvvRe,22
121,0.0,0.0,0.0,0.0,@CBS,2018-07-02 01:42:30,@PennyWainwrigh1 @ForeverLogical @larryelder @GOP @nytimes @NBCNews @ABC @CBS @CNN I don't shop at Wal-Mart!,23
122,-0.2924,0.238,0.238,0.0,@CBS,2018-07-02 01:42:10,"#PersonOfInterest
#RootandShaw
#wewantthemback!
@CBS we miss them! https://t.co/66ZN2GY3zU",24
123,-0.2244,0.1,0.1,0.0,@CBS,2018-07-02 01:40:01,@WeWatchedAThing @thecountdownpc I miss #Reaper too! In our #upfront episode we discussed Missy‚Äôs new turn as an FB‚Ä¶ https://t.co/oS4xBPPSEi,25
124,-0.7269,0.303,0.303,0.0,@CBS,2018-07-02 01:39:12,"@CBS @CBSBigBrother @JulieChen @BigBrotherCA Sabotage your shows, i expect that from ABC, who stay ignoring fans.Ty‚Ä¶ https://t.co/QHH6Z2A0yn",26
125,0.5859,0.0,0.0,0.255,@CBS,2018-07-02 01:38:59,@CBS Thank you for putting @instinctcbs on at 9pm tonight. Please do the same this fall.,27
126,0.3182,0.0,0.0,0.141,@CBS,2018-07-02 01:38:57,RT @CMitchel14: @NancyPelosi @SenKamalaHarris @SenFeinstein @RepMaxineWaters @seanhannity @foxnews @cnn @msnbc @abc @CBS   Securing the bor‚Ä¶,28
127,-0.4019,0.265,0.265,0.155,@CBS,2018-07-02 01:38:39,@instinctcbs is easily the worst show on tv #instinct @cbs #cbs,29
128,-0.1027,0.069,0.069,0.0,@CBS,2018-07-02 01:37:29,@jenjentheDIVA @CarsonHR_ Go to @cbs and send them a dm saying vote. Idk when they will have a new vote up though,30
129,0.0,0.0,0.0,0.0,@CBS,2018-07-02 01:36:25,@PennyWainwrigh1 @Powerclub10 @ForeverLogical @larryelder @GOP @nytimes @NBCNews @ABC @CBS @CNN Sure...you can main‚Ä¶ https://t.co/mvqLuSij1I,31
130,0.0,0.0,0.0,0.0,@CBS,2018-07-02 01:36:21,@MrCockyHimself @CNN @MSNBC @ABC @CBS @nbc @nytimes @latimes @politico @JoeNBC @TheView @MSNBCPR Tiberius I live in‚Ä¶ https://t.co/ve0Ldlaxfp,32
131,0.2185,0.13,0.13,0.193,@CBS,2018-07-02 01:36:03,"RT @ForeverLogical: @larryelder @GOP ""The FAKE NEWS media (failing @nytimes, @NBCNews, @ABC, @CBS, @CNN) is not my enemy, it is the enemy o‚Ä¶",33
132,0.0,0.0,0.0,0.0,@CBS,2018-07-02 01:35:33,Should we still get rid of ICE?  @RepMaxineWaters @NancyPelosi @SenKamalaHarris @SenFeinstein @seanhannity‚Ä¶ https://t.co/4k8DG83IpG,34
133,0.0,0.0,0.0,0.0,@CBS,2018-07-02 01:35:05,@fantomseeker @ForeverLogical @larryelder @GOP @nytimes @NBCNews @ABC @CBS @CNN  https://t.co/vMeQqOertv,35
134,0.0,0.0,0.0,0.0,@CBS,2018-07-02 01:34:46,@PennyWainwrigh1 @Powerclub10 @ForeverLogical @larryelder @GOP @nytimes @NBCNews @ABC @CBS @CNN There are extremism‚Ä¶ https://t.co/ngFwUn0ehC,36
135,0.0,0.0,0.0,0.0,@CBS,2018-07-02 01:34:38,https://t.co/XDSrJ0iYEt .@ABC @CBS @nbc @PBS @CNN @MSNBC @WPLGLocal10 @wsvn .@washingtonpost @nytimes @ChrisCuo‚Ä¶ https://t.co/c2r8uXdp55,37
136,0.4215,0.0,0.0,0.157,@CBS,2018-07-02 01:34:04,RT @JKCorden: Tonight‚Äôs @latelateshow might be one of my favorites of all time x @CBS 12.30 x #LateLateShawn,38
137,0.0,0.0,0.0,0.0,@CBS,2018-07-02 01:33:19,@ABCNetwork @TheCW @GlobalTV @nbc @CBS @GBerlanti @bensherwood @bridgeNYCPR @warnerbrostv @AmazonStudios‚Ä¶ https://t.co/RYn6mNdyIj,39
138,0.0,0.0,0.0,0.0,@CBS,2018-07-02 01:33:10,@DaredevilofUS @Powerclub10 @ForeverLogical @larryelder @GOP @nytimes @NBCNews @ABC @CBS @CNN  https://t.co/thIDvKlbjw,40
139,0.0,0.0,0.0,0.0,@CBS,2018-07-02 01:33:07,@DaredevilofUS @Powerclub10 @ForeverLogical @larryelder @GOP @nytimes @NBCNews @ABC @CBS @CNN  https://t.co/jARdnk2ceo,41
140,-0.2885,0.213,0.213,0.129,@CBS,2018-07-02 01:32:25,"@Bobpope54 @jasoninthehouse TY Bobby. It's difficult at times to be in this realm of corruption, deceit &amp;worse to t‚Ä¶ https://t.co/ltBwL9maQ2",42
141,0.6996,0.0,0.0,0.216,@CBS,2018-07-02 01:32:20,"@CoCoLaPoCo @CBS This worked!
Thank you for taking the time to let me know :)

(We shouldn't have had to make modif‚Ä¶ https://t.co/hUMYq9OtYA",43
142,-0.3595,0.161,0.161,0.0,@CBS,2018-07-02 01:31:58,@PennyWainwrigh1 @ForeverLogical @larryelder @GOP @nytimes @NBCNews @ABC @CBS @CNN That's childish! But considering‚Ä¶ https://t.co/q3ASsQ4fXn,44
143,0.4404,0.0,0.0,0.104,@CBS,2018-07-02 01:31:41,RT @PaulTesori: Everybody tune in or set your DVRs to @CBS at 2pm EST for the @PGATOUR‚Äòs ‚ÄúFor the Good of the Game‚Äù. The @TesoriFamilyFdt w‚Ä¶,45
144,0.2732,0.0,0.0,0.123,@CBS,2018-07-02 01:31:00,@mommags2579 @DrCraigMalkin @realDonaldTrump @nytimes @NBCNews @ABC @CBS @CNN Also the media and certain FBI agents‚Ä¶ https://t.co/8UkeZRBCON,46
145,0.0,0.0,0.0,0.0,@CBS,2018-07-02 01:30:23,@CBS @CBSBigBrother @JulieChen Payattention!  @BigBrotherCA Knew #Demika was #ratings goal and #Ika was the star ev‚Ä¶ https://t.co/1IZNwwyGOD,47
146,-0.1531,0.096,0.096,0.0,@CBS,2018-07-02 01:30:06,"Former Miss Missouri USA &amp; @Delta flight attendant #BayleighDayton, joins 20th season of @CBS #BigBrother. #newswire",48
147,-0.6289,0.408,0.408,0.0,@CBS,2018-07-02 01:28:11,@cnn @msnbc @fox @ABC  @cbs   WTH ? https://t.co/IXl7Oxe60B,49
148,0.4588,0.0,0.0,0.136,@CBS,2018-07-02 01:27:50,@DAB67 @ForeverLogical @larryelder @GOP @nytimes @NBCNews @ABC @CBS @CNN I am glad to see that you are so open mind‚Ä¶ https://t.co/dKNcmiat70,50
149,0.2185,0.126,0.126,0.187,@CBS,2018-07-02 01:26:45,"RT @realDonaldTrump: The FAKE NEWS media (failing @nytimes, @NBCNews, @ABC, @CBS, @CNN) is not my enemy, it is the enemy of the American Pe‚Ä¶",51
150,0.0,0.0,0.0,0.0,@CBS,2018-07-02 01:25:33,@DeebsFTL @CBS Seared into my memory...,52
151,0.0,0.0,0.0,0.0,@CBS,2018-07-02 01:25:21,RT @Nancy_n_VA: @pot_healer @Marckymarc40 Make some NOISE MSM CRICKETS AS THEY LIVE OFF OUR KIDS. #SaveTheChildren #Awake #Qanon #TheStorm‚Ä¶,53
152,0.5719,0.0,0.0,0.188,@CBS,2018-07-02 01:25:10,@DAB67 @ForeverLogical @larryelder @GOP @nytimes @NBCNews @ABC @CBS @CNN This is a perfect example of projection. Y‚Ä¶ https://t.co/BiqgsGoYDo,54
153,0.0,0.0,0.0,0.0,@CBS,2018-07-02 01:24:45,@CBS What happened to #MadamSecretary season 4 coming to @netflix today? https://t.co/DK8TixMANY,55
154,0.0,0.0,0.0,0.0,@CBS,2018-07-02 01:23:58,@CBS @CBSBigBrother @JulieChen Y'all tried shenanigans forcing #James showmance and #Paul the star! Y'all prefer dr‚Ä¶ https://t.co/jRFrrdAyER,56
155,0.0,0.0,0.0,0.0,@CBS,2018-07-02 01:23:56,@ABC @CBS @NBCNews @CNN @morningmika https://t.co/ZC27qdnIef,57
156,0.1779,0.154,0.154,0.229,@CBS,2018-07-02 01:23:44,@BunnyAndDoc @jenns018 @CBS Having a common enemy like Collins would help them get back together I think. Especiall‚Ä¶ https://t.co/ssRMS46VsT,58
157,0.6166,0.0,0.0,0.446,@CBS,2018-07-02 01:23:43,@WilliamShatner BRING BACK RESCUE 911. @CBS,59
158,0.0,0.0,0.0,0.0,@CBS,2018-07-02 01:23:36,RT @chertex: @thebravefan @netflix @nbc @hulu @AmazonStudios @USA_Network @tntdrama @paramountnet @CBS @ABCNetwork @AMC_TV @FOXTV Me too. T‚Ä¶,60
159,0.0,0.0,0.0,0.0,@CBS,2018-07-02 01:22:49,"@CBS I turned on the TV, a show ""Instinct"" which I have not watched was on. Thought I'd let you know that any actor‚Ä¶ https://t.co/2BbFqtV9GB",61
160,0.4404,0.0,0.0,0.121,@CBS,2018-07-02 01:22:18,Majority of the people in this game think they‚Äôre too good for this show. Not feelin the cast this year. #BB20 @CBS,62
161,0.0,0.0,0.0,0.0,@CBS,2018-07-02 01:22:17,@PennyWainwrigh1 @Powerclub10 @ForeverLogical @larryelder @GOP @nytimes @NBCNews @ABC @CBS @CNN  https://t.co/0p43k9oren,63
162,0.7783,0.0,0.0,0.274,@CBS,2018-07-02 01:21:48,"RT @BunnyAndDoc: @DouglasHespelt @jenns018 @CBS Yes, the mysterious financier was mentioned a few times. Man, it would be an awesome sequen‚Ä¶",64
163,0.0,0.0,0.0,0.0,@CBS,2018-07-02 01:21:26,RT @BunnyAndDoc: @jenns018 @DouglasHespelt @CBS I had never thought of that. There are really a lot of similarities. It would really be an‚Ä¶,65
164,0.357,0.0,0.0,0.142,@CBS,2018-07-02 01:21:23,"POPE SAINT FRANCIS &amp; SATAN BIBI not shadow banned @Pontifex @netanyahu @jack @biz

#POI @PersonInterest‚Ä¶ https://t.co/4bUhqbmxXN",66
165,0.0,0.0,0.0,0.0,@CBS,2018-07-02 01:21:10,@stevep1212 @ForeverLogical @larryelder @GOP @nytimes @NBCNews @ABC @CBS @CNN  https://t.co/eCcxd4p1ZM,67
166,0.0,0.0,0.0,0.0,@CBS,2018-07-02 01:20:55,"FOR POPE SAINT FRANCIS &amp; SATAN BIBI @Pontifex @netanyahu @jack @biz

#POI @PersonInterest @POIWritersRoom‚Ä¶ https://t.co/NzeCGzaZfv",68
167,-0.7269,0.225,0.225,0.0,@CBS,2018-07-02 01:20:52,"RT @ForeverLogical: @larryelder @GOP @nytimes @NBCNews @ABC @CBS @CNN ""What Donald Trump wants is for us to stop calling his cruelty and fe‚Ä¶",69
168,0.0,0.0,0.0,0.0,@CBS,2018-07-02 01:20:06,RT @FamUnite4Child: @youre_the_rhoda @pookietooth @sjsrana @CraigRSawyer @NoLongerIgnored @alllibertynews @Save_Solai @SaveRChildrenCa @Ame‚Ä¶,70
169,0.0,0.0,0.0,0.0,@CBS,2018-07-02 01:19:42,"RT @RickOhioImBack: 72 percent believe #MSM #NewsOutlets 

Knowingly report #false or #mislead STORIES

Poll&gt; #AxiosSurveyMonkeyPoll

THEY‚Ä¶",71
170,0.0,0.0,0.0,0.0,@CBS,2018-07-02 01:19:24,@Powerclub10 @DaredevilofUS @ForeverLogical @larryelder @GOP @nytimes @NBCNews @ABC @CBS @CNN  https://t.co/4milZlvQNT,72
171,0.8164,0.074,0.074,0.315,@CBS,2018-07-02 01:18:49,"RT @MidniteMike1: @CBS Please Save ‚ÄúTimeless‚Äù NBC‚Äôs loss could be your gain!!! My self and other ‚ÄúTimeless‚Äù Fans would be ‚Äúgrateful‚Äù, and r‚Ä¶",73
172,0.0,0.0,0.0,0.0,@CBS,2018-07-02 01:18:31,@RecordingMixing @ForeverLogical @larryelder @GOP @nytimes @NBCNews @ABC @CBS @CNN  https://t.co/nruxTdcA0k,74
173,0.3182,0.0,0.0,0.141,@CBS,2018-07-02 01:18:19,RT @CMitchel14: @NancyPelosi @SenKamalaHarris @SenFeinstein @RepMaxineWaters @seanhannity @foxnews @cnn @msnbc @abc @CBS   Securing the bor‚Ä¶,75
174,0.0,0.0,0.0,0.0,@CBS,2018-07-02 01:17:48,@fantomseeker @ForeverLogical @larryelder @GOP @nytimes @NBCNews @ABC @CBS @CNN  https://t.co/7mCKXHQSF7,76
175,0.0,0.0,0.0,0.0,@CBS,2018-07-02 01:16:44,"RT @jep1299: @r1944gmailcom @1Romans58 @100PercFEDUP @CNN @nbc @ABC @CBS @MSNBC @WhiteHouse Changing America and an ""open border society"".‚Ä¶",77
176,0.3818,0.0,0.0,0.094,@CBS,2018-07-02 01:16:22,"RT @DeebsFTL: You may think that enough time has passed, for your viewers to have forgiven you for replacing Bo &amp; Luke Duke with these assc‚Ä¶",78
177,-0.7107,0.212,0.212,0.0,@CBS,2018-07-02 01:15:58,@heyjuliechen @CBS It‚Äôs happening to me too! I have CBS All Access and it says live tv not supported in my area. I‚Äôm so upset!,79
178,0.8858,0.0,0.0,0.426,@CBS,2018-07-02 01:15:56,RT @AllanBake: @CBS Please consider renewing @HuntedCBS.  Great show.  Wonderful cast. Very suspenseful.  #Hunted deserves a season 2!,80
179,-0.5994,0.189,0.189,0.0,@CBS,2018-07-02 01:15:19,RT @HeleenScorpion: Stop ignoring us @CBS . We Scorpion fand don't ask for much. Only closure. According to the ratings on Monday night you‚Ä¶,81
180,0.6322,0.0,0.0,0.197,@CBS,2018-07-02 01:14:37,RT @PartyPaulG1992: You know what else is worth binge watching? #TheBrave. You know why? Because it‚Äôs a good frickin show. And it needs sav‚Ä¶,82
181,0.0,0.0,0.0,0.0,@CBS,2018-07-02 01:14:26,Sam Bledsoe @CBS https://t.co/5LiDk0VzPF,83
182,0.0,0.0,0.0,0.0,@CBS,2018-07-02 01:14:08,RT @SoffiFlury: @decosasbuenas @ValuRelanez @justmileybxtch @highwaytobirra @refloreada @CBS En alg√∫n momento vas a exponer tu pensamiento/‚Ä¶,84
183,0.0,0.0,0.0,0.0,@CBS,2018-07-02 01:13:28,RT @justmileybxtch: @ValuRelanez @decosasbuenas @highwaytobirra @refloreada @CBS Vesss ni leer saben. C√≥mo iba a ser tan grande a las 14 se‚Ä¶,85
184,0.3182,0.0,0.0,0.141,@CBS,2018-07-02 01:13:21,RT @CMitchel14: @NancyPelosi @SenKamalaHarris @SenFeinstein @RepMaxineWaters @seanhannity @foxnews @cnn @msnbc @abc @CBS   Securing the bor‚Ä¶,86
185,0.0,0.0,0.0,0.0,@CBS,2018-07-02 01:12:57,@NancyPelosi @SenKamalaHarris @SenFeinstein @RepMaxineWaters @seanhannity @foxnews @cnn @msnbc @abc @CBS   Securing‚Ä¶ https://t.co/fyHIjtBddh,87
186,0.0,0.0,0.0,0.0,@CBS,2018-07-02 01:12:17,@SmartyPantsGal You can vote by DMing @CBS ‚Äústart voting‚Äù and proceed once voting opens,88
187,0.8442,0.0,0.0,0.269,@CBS,2018-07-02 01:11:38,"RT @shanafrana: Hey, @CBS, you started airing I Love Lucy back in 1951. There's another loved Lucy from #Timeless you could bring to your n‚Ä¶",89
188,0.3182,0.0,0.0,0.141,@CBS,2018-07-02 01:10:54,@AaronChanner @ForeverLogical @thehill @nytimes @NBCNews @ABC @CBS @CNN Please disprove even one of those articles.,90
189,0.0,0.0,0.0,0.0,@CBS,2018-07-02 01:10:28,@Callahanfamily5 @MrPEC_Tacular @nightowls @PopTV @CBS @DanyelDana @helensanders_92 @valleymike07 @MattNelson02 How‚Ä¶ https://t.co/eIGSqxiiEj,91
190,-0.1655,0.099,0.099,0.0,@CBS,2018-07-02 01:09:25,"@vincentgrandi @SenatorCollins @margbrennan @CBS @FaceTheNation None of these have lost GOP anything, but have lost‚Ä¶ https://t.co/Je9niitTBf",92
191,0.0,0.0,0.0,0.0,@CBS,2018-07-02 01:09:07,RT @MrCockyHimself: #SomethingYouWontSeeOnMSM @CNN @MSNBC @ABC @CBS @NBC @nytimes @LAtimes @Politico @JoeNBC @TheView @MSNBCPR https://t.co‚Ä¶,93
192,-0.8078,0.412,0.412,0.0,@CBS,2018-07-02 01:08:59,Yo @CBS What the Hell does ‚ÄúCHANCE‚Äù mean???!!!! #bb20 https://t.co/RM47PAQbsi,94
193,0.0,0.0,0.0,0.0,@CBS,2018-07-02 01:07:53,@CBS I need an explanation as to why there were commercials every three minutes during this episode of #BB20. I mea‚Ä¶ https://t.co/8ezotHGzT9,95
194,0.0,0.0,0.0,0.0,@CBS,2018-07-02 01:07:21,#SomethingYouWontSeeOnMSM @CNN @MSNBC @ABC @CBS @NBC @nytimes @LAtimes @Politico @JoeNBC @TheView @MSNBCPR https://t.co/wvvbi9bdqn,96
195,0.0,0.0,0.0,0.0,@CBS,2018-07-02 01:06:53,@CNN @CNNPolitics @cnnbrk @cnni @ABC @abcnews @CBSNews @CBS @CBSThisMorning  @maddow @MSNBC @NBCNews @JoeNBC‚Ä¶ https://t.co/ktAwFkxY9a,97
196,-0.4767,0.154,0.154,0.0,@CBS,2018-07-02 01:05:40,@SenatorCollins @margbrennan @CBS @FaceTheNation So you prefer we don‚Äôt weed out cartel members who are smuggling c‚Ä¶ https://t.co/jCEn7mYqYr,98
197,0.4926,0.0,0.0,0.225,@CBS,2018-07-02 01:05:19,@CBS : I hope that @RansomCBS @RansomSeries returns again next summer!  @MattCarterMedia @CarterMattTV @dangergirl101,99
198,0.0,0.0,0.0,0.0,@CBS,2018-07-02 01:05:04,@PennyWainwrigh1 @ForeverLogical @larryelder @GOP @nytimes @NBCNews @ABC @CBS @CNN Trump is pointing at your name,100
199,0.0,0.0,0.0,0.0,@CNN,2018-07-02 01:52:34,"RT @CNN: The Trump administration doesn't ""have a plan. I don't think they even really know where all of these children are, and who these‚Ä¶",1
200,-0.9201,0.402,0.402,0.0,@CNN,2018-07-02 01:52:34,"RT @SheriffClarke: Oh REALLY?
And LYING LIB MEDIA whines about @realDonaldTrump calling them FAKE NEWS? CRYBULLIES. I said give the story 2‚Ä¶",2
201,0.2023,0.0,0.0,0.114,@CNN,2018-07-02 01:52:33,RT @CNN: Here are the top moments from the Families Belong Together marches https://t.co/D4Zb3kIVgd https://t.co/lJaODERrxi,3
202,0.0,0.0,0.0,0.0,@CNN,2018-07-02 01:52:33,"RT @CNN: The Trump administration doesn't ""have a plan. I don't think they even really know where all of these children are, and who these‚Ä¶",4
203,0.3306,0.0,0.0,0.105,@CNN,2018-07-02 01:52:33,@CNN And now they take the week off.......cause you know vacation time is so much more important then reuniting los‚Ä¶ https://t.co/7YbihvWBj6,5
204,0.0,0.0,0.0,0.0,@CNN,2018-07-02 01:52:31,@25thAmendment2 @CNN @CNNOpinion Which part. The 11 percent inflation rate caused by the Carbon Tax or the closed f‚Ä¶ https://t.co/TMZBxJOIxV,6
205,0.4215,0.0,0.0,0.118,@CNN,2018-07-02 01:52:31,@CNN Maybe Tammy Duckworth and all the other Unhinged Left should have cared years ago. Oh wait. Obama ‚Äútheir God‚Äù was President.,7
206,0.128,0.0,0.0,0.12,@CNN,2018-07-02 01:52:30,"RT @alwaysonoffense: @JeffreyToobin @USSupremeCourt @NewYorker how are you @cnn's ""senior legal analyst?""",8
207,0.835,0.049,0.049,0.271,@CNN,2018-07-02 01:52:30,RT @CNN: Is #Hawaii really the paradise most people think it is? @WKamauBell exposes a side to our beautiful 50th state that most never see‚Ä¶,9
208,0.0,0.0,0.0,0.0,@CNN,2018-07-02 01:52:29,@Makedni @H_Meyali_ithea @alt_peppe @SaveWhitesInZA @marlonbronson @TJ3TZFnJt3LNK1z @mike_aelara @DecimalFawn4210‚Ä¶ https://t.co/x4KrqcWDbB,10
209,0.0,0.0,0.0,0.0,@CNN,2018-07-02 01:52:29,RT @CNN: Is this the most ingenious way to farm fish? See what native Hawaiians can teach the world about sustainability on #UnitedShades w‚Ä¶,11
210,-0.6808,0.277,0.277,0.0,@CNN,2018-07-02 01:52:29,"@TelisaStrickla1 @CNN Nope, that's what Democrats are, hell it's even in their logo",12
211,0.0,0.0,0.0,0.0,@CNN,2018-07-02 01:52:28,"RT @CNN: The Trump administration doesn't ""have a plan. I don't think they even really know where all of these children are, and who these‚Ä¶",13
212,-0.9042,0.371,0.371,0.0,@CNN,2018-07-02 01:52:27,"RT @ElderLansing: Did I see Kamala Harris, Tim Scott, and Cory Booker call for hate crime legislation when these four racist Chicago thugs,‚Ä¶",14
213,-0.2263,0.106,0.106,0.0,@CNN,2018-07-02 01:52:27,RT @CNN: Forget the World Cup. The largest soccer crowd this weekend was in Atlanta. https://t.co/aOWd7KT8By https://t.co/Cc7Q2RBspc,15
214,-0.9201,0.402,0.402,0.0,@CNN,2018-07-02 01:52:26,"RT @SheriffClarke: Oh REALLY?
And LYING LIB MEDIA whines about @realDonaldTrump calling them FAKE NEWS? CRYBULLIES. I said give the story 2‚Ä¶",16
215,0.0,0.0,0.0,0.0,@CNN,2018-07-02 01:52:24,"RT @CNN: The Trump administration doesn't ""have a plan. I don't think they even really know where all of these children are, and who these‚Ä¶",17
216,0.6344,0.0,0.0,0.341,@CNN,2018-07-02 01:52:24,"@Desha7 @CNN well, in fairness, I live tweeted anyway - hundreds so far lol",18
217,0.0,0.0,0.0,0.0,@CNN,2018-07-02 01:52:24,"RT @CNN: The Trump administration doesn't ""have a plan. I don't think they even really know where all of these children are, and who these‚Ä¶",19
218,-0.6511,0.372,0.372,0.0,@CNN,2018-07-02 01:52:23,"@CNN You we don't want these hero's, just home grown terrorists.",20
219,0.0,0.0,0.0,0.0,@CNN,2018-07-02 01:52:22,@StacyBr63724080 @13thconcept_ @CNN 90 000 kids were separated from 'parents' under Obama. Google it.,21
220,-0.3612,0.111,0.111,0.0,@CNN,2018-07-02 01:52:22,"@Jimmer510 @CNN Our politicians have done nothing for many years, that‚Äôs why this country is a mess not because of the president",22
221,0.0716,0.156,0.156,0.127,@CNN,2018-07-02 01:52:21,"@CNN the problem is: some of these guardians/family members/relatives/friends, who r taking care of these children do not want to be found.",23
222,-0.3883,0.247,0.247,0.155,@CNN,2018-07-02 01:52:19,@RySov79 @13thconcept_ @CNN No they weren't. But nice try. I mean you can convince the gullible and easily led of that. I am neither.,24
223,0.628,0.0,0.0,0.186,@CNN,2018-07-02 01:52:17,"WISE KID: ""It's not about what's on my feet, it's about what's in my head!""

https://t.co/3BmuI2yEKw
@CNN @TMZ https://t.co/ul0w8THzXy",25
224,-0.9042,0.371,0.371,0.0,@CNN,2018-07-02 01:52:17,"RT @ElderLansing: Did I see Kamala Harris, Tim Scott, and Cory Booker call for hate crime legislation when these four racist Chicago thugs,‚Ä¶",26
225,-0.636,0.206,0.206,0.0,@CNN,2018-07-02 01:52:17,"@CNN What a load of garbage! The real problem is a lot of these children have been human trafficked, no one can say‚Ä¶ https://t.co/ecsFKN9UUT",27
226,0.0,0.0,0.0,0.0,@CNN,2018-07-02 01:52:16,@2driveSTROM @CNN Your absolutely  INSANE!!!!!,28
227,-0.2023,0.184,0.184,0.0,@CNN,2018-07-02 01:52:15,@CNN This only bothers her now. It didnt before.,29
228,0.0,0.0,0.0,0.0,@CNN,2018-07-02 01:52:15,RT @icecue: @CNN  https://t.co/YMIdQdbKQ2,30
229,-0.5803,0.16,0.16,0.051,@CNN,2018-07-02 01:52:15,Any real reporters in the MSM out there????? WE the people want to know who Q is/??  @FoxBusiness @CNN &lt;&lt;&lt; Fake New‚Ä¶ https://t.co/x516WGMfLd,31
230,-0.4754,0.607,0.607,0.0,@CNN,2018-07-02 01:52:14,@CNN More lies,32
231,-0.886,0.366,0.366,0.0,@CNN,2018-07-02 01:52:14,"RT @RVAwonk: bloody hell, @CNN. This is a wholly inaccurate &amp; irresponsible take on what happened in Portland on Saturday. 

Don't conflate‚Ä¶",33
232,-0.5994,0.189,0.189,0.0,@CNN,2018-07-02 01:52:14,@CNN Theirs just no possible way they know where all these kids are. It's common sense. We lose children in our own‚Ä¶ https://t.co/M0foIEQvmY,34
233,0.0,0.0,0.0,0.0,@CNN,2018-07-02 01:52:14,"RT @CNN: The Trump administration doesn't ""have a plan. I don't think they even really know where all of these children are, and who these‚Ä¶",35
234,0.5962,0.0,0.0,0.273,@CNN,2018-07-02 01:52:13,"RT @latinos4Trump: @Patricemdevine @CNN Yes ""migrants"" keep flocking to France....take our southern neighbors too plz!!!",36
235,-0.3612,0.556,0.556,0.0,@CNN,2018-07-02 01:52:12,@CNN Ridiculous. #cnnsucks,37
236,-0.9201,0.402,0.402,0.0,@CNN,2018-07-02 01:52:12,"RT @SheriffClarke: Oh REALLY?
And LYING LIB MEDIA whines about @realDonaldTrump calling them FAKE NEWS? CRYBULLIES. I said give the story 2‚Ä¶",38
237,0.128,0.14,0.14,0.198,@CNN,2018-07-02 01:52:11,"RT @edercampuzano: I covered both events and, yes, there was zero correlation between the riot Portland police determined downtown and the‚Ä¶",39
238,-0.9201,0.402,0.402,0.0,@CNN,2018-07-02 01:52:10,"RT @SheriffClarke: Oh REALLY?
And LYING LIB MEDIA whines about @realDonaldTrump calling them FAKE NEWS? CRYBULLIES. I said give the story 2‚Ä¶",40
239,-0.2183,0.21,0.21,0.0,@CNN,2018-07-02 01:52:10,@DomPAnderson @CNN It is so hard to watch,41
240,0.4939,0.0,0.0,0.151,@CNN,2018-07-02 01:52:09,"RT @Indivisible_OR: @RVAwonk @CNN The fact that yesterday's PP 'event' overlapped with the ICE occupation and the peaceful, family-friendly‚Ä¶",42
241,0.0,0.0,0.0,0.0,@CNN,2018-07-02 01:52:09,@CNN He signed an order changing the law unlike past administration https://t.co/uwSrWFRISQ,43
242,-0.6588,0.423,0.423,0.0,@CNN,2018-07-02 01:52:07,@CNN Still running with this phony crisis!,44
243,0.0,0.0,0.0,0.0,@CNN,2018-07-02 01:52:06,"@CNN The first part of the plan should be to obey the judge's order and send the 10,000 teens who came without thei‚Ä¶ https://t.co/rzNjfB1yw0",45
244,0.0,0.0,0.0,0.0,@CNN,2018-07-02 01:52:05,"RT @CNN: The Trump administration doesn't ""have a plan. I don't think they even really know where all of these children are, and who these‚Ä¶",46
245,-0.5574,0.187,0.187,0.0,@CNN,2018-07-02 01:52:04,@CNN Stop talking about the others and get together across the aisle and fix this. We don‚Äôt need blame and politics‚Ä¶ https://t.co/5WSAJwDOOd,47
246,0.0,0.0,0.0,0.0,@CNN,2018-07-02 01:52:03,CNN Films' 'American Jail' @CNN https://t.co/BR4UFPltRN,48
247,0.0,0.0,0.0,0.0,@CNN,2018-07-02 01:52:02,"RT @CNN: The Trump administration doesn't ""have a plan. I don't think they even really know where all of these children are, and who these‚Ä¶",49
248,0.0,0.0,0.0,0.0,@CNN,2018-07-02 01:52:02,"@CNN ICE, or Immigration &amp; Customs Enforcement is..
The  largest investigative arm of the Department of Homeland Se‚Ä¶ https://t.co/Tq7hU6wdtP",50
249,-0.9201,0.402,0.402,0.0,@CNN,2018-07-02 01:52:02,"RT @SheriffClarke: Oh REALLY?
And LYING LIB MEDIA whines about @realDonaldTrump calling them FAKE NEWS? CRYBULLIES. I said give the story 2‚Ä¶",51
250,-0.3182,0.277,0.277,0.0,@CNN,2018-07-02 01:52:01,@CNN Maybe stuttering John can find out ?,52
251,0.0,0.0,0.0,0.0,@CNN,2018-07-02 01:52:01,"RT @CNN: The Trump administration doesn't ""have a plan. I don't think they even really know where all of these children are, and who these‚Ä¶",53
252,0.0,0.0,0.0,0.0,@CNN,2018-07-02 01:52:00,"RT @CNN: The Trump administration doesn't ""have a plan. I don't think they even really know where all of these children are, and who these‚Ä¶",54
253,-0.2263,0.106,0.106,0.0,@CNN,2018-07-02 01:51:59,RT @CNN: Forget the World Cup. The largest soccer crowd this weekend was in Atlanta. https://t.co/aOWd7KT8By https://t.co/Cc7Q2RBspc,55
254,0.0,0.0,0.0,0.0,@CNN,2018-07-02 01:51:58,"RT @verainstitute: LIVE NOW: Tune into @CNN tonight @ 8pm for the premiere of American Jail, a documentary by  @RogerRossWill about the mod‚Ä¶",56
255,-0.7351,0.22,0.22,0.0,@CNN,2018-07-02 01:51:57,"RT @Goss30Goss: Why is the @nytimes , @washingtonpost , &amp; @cnn scared to call Trump a blatant liar? I think we are way past the point of no‚Ä¶",57
256,-0.7783,0.773,0.773,0.0,@CNN,2018-07-02 01:51:55,@CNN Oh hell no.,58
257,0.0,0.0,0.0,0.0,@CNN,2018-07-02 01:51:55,"RT @CNN: The Trump administration doesn't ""have a plan. I don't think they even really know where all of these children are, and who these‚Ä¶",59
258,0.0,0.0,0.0,0.0,@CNN,2018-07-02 01:51:55,"RT @CNN: ""How dare you. How dare you take the babies from their mother's arms!"" Rep. Maxine Waters says President Trump has gone too far wi‚Ä¶",60
259,0.0,0.0,0.0,0.0,@CNN,2018-07-02 01:51:55,"RT @CNN: The Trump administration doesn't ""have a plan. I don't think they even really know where all of these children are, and who these‚Ä¶",61
260,0.0,0.0,0.0,0.0,@CNN,2018-07-02 01:51:54,@RickGar93132617 @BrianMi19324663 @Tdaen1 @Maestro4excess @FieldGeorge @The_ben_daniels @fubaglady @MrBrigh21239717‚Ä¶ https://t.co/cPRX7jAo38,62
261,0.6908,0.0,0.0,0.251,@CNN,2018-07-02 01:51:54,RT @CNN: These are the stunning winners of the 2018 National Geographic Travel Photographer of the Year https://t.co/oZxpIjHkb2 https://t.c‚Ä¶,63
262,-0.9201,0.402,0.402,0.0,@CNN,2018-07-02 01:51:52,"RT @SheriffClarke: Oh REALLY?
And LYING LIB MEDIA whines about @realDonaldTrump calling them FAKE NEWS? CRYBULLIES. I said give the story 2‚Ä¶",64
263,-0.296,0.115,0.115,0.0,@CNN,2018-07-02 01:51:52,@PetterSolbergn @bodydouble @AltNatSecAgency @FBI @CNN So you put up a generic chart that has no designation of who‚Ä¶ https://t.co/NBYHwqvN6j,65
264,0.4291,0.071,0.071,0.14,@CNN,2018-07-02 01:51:51,RT @KrisParonto: What say you @CNN ?? Did you forget to add the cost comparison per household to take care of Illegals? https://t.co/giFB7F‚Ä¶,66
265,0.0,0.0,0.0,0.0,@CNN,2018-07-02 01:51:50,@sharding1966 @ReliableSources @Acosta @jelani9 @feministabulous @rachaelpacella @PhilDavis_CG @joshuamckerrow‚Ä¶ https://t.co/Snc27eJzKu,67
266,0.0,0.0,0.0,0.0,@CNN,2018-07-02 01:51:49,@CNN Anyone caught entering the USA illegally has a choice to turn around and go home with their little anchor its a personal choice.,68
267,0.0,0.0,0.0,0.0,@CNN,2018-07-02 01:51:49,RT @CNN: Shooting won't deter Capital Gazette journalists https://t.co/TFTLGlA5Av https://t.co/jovYbARv2i,69
268,-0.1027,0.104,0.104,0.0,@CNN,2018-07-02 01:51:49,@KrauseArik @elguemiri @CNN Nah stadium is full cause usa didnt make it ü§∑üèΩ‚Äç‚ôÇÔ∏è,70
269,-0.824,0.327,0.327,0.073,@CNN,2018-07-02 01:51:49,@CNN #AmericanJail is basically show to blame the evil white man &amp; black people are VICTIMS even when they commit c‚Ä¶ https://t.co/t5d01p0cNS,71
270,0.0,0.0,0.0,0.0,@CNN,2018-07-02 01:51:47,"RT @CNN: The Trump administration doesn't ""have a plan. I don't think they even really know where all of these children are, and who these‚Ä¶",72
271,-0.5574,0.419,0.419,0.0,@CNN,2018-07-02 01:51:47,@CNN They belong to illegal aliens.,73
272,0.4291,0.071,0.071,0.14,@CNN,2018-07-02 01:51:46,RT @KrisParonto: What say you @CNN ?? Did you forget to add the cost comparison per household to take care of Illegals? https://t.co/giFB7F‚Ä¶,74
273,0.0,0.0,0.0,0.0,@CNN,2018-07-02 01:51:45,RT @Indivisible_OR: @RVAwonk @CNN .@CNN - you must issue a correction. This Patriot Prayer event was completely unrelated to the ICE occupa‚Ä¶,75
274,-0.9042,0.371,0.371,0.0,@CNN,2018-07-02 01:51:44,"RT @ElderLansing: Did I see Kamala Harris, Tim Scott, and Cory Booker call for hate crime legislation when these four racist Chicago thugs,‚Ä¶",76
275,0.0,0.0,0.0,0.0,@CNN,2018-07-02 01:51:43,@viob2016 @gollum1419_g @CarolHo64974250 @Katmcbeez @RepSwalwell @FoxNews @CNN  https://t.co/PFNOA4qY2o,77
276,0.0,0.0,0.0,0.0,@CNN,2018-07-02 01:51:42,@elguemiri @CNN Try ever...,78
277,0.0,0.0,0.0,0.0,@CNN,2018-07-02 01:51:42,"RT @CNN: The Trump administration doesn't ""have a plan. I don't think they even really know where all of these children are, and who these‚Ä¶",79
278,0.4939,0.0,0.0,0.144,@CNN,2018-07-02 01:51:40,"RT @CNN: A migrant who earned the nickname ""Spider-Man"" after scaling a building to save a child dangling from a balcony has started a new‚Ä¶",80
279,0.0,0.0,0.0,0.0,@CNN,2018-07-02 01:51:39,"RT @CNN: The Trump administration doesn't ""have a plan. I don't think they even really know where all of these children are, and who these‚Ä¶",81
280,0.2023,0.16,0.16,0.202,@CNN,2018-07-02 01:51:39,RT @CNN: Croatia through to quarterfinals after penalty shootout win over Denmark https://t.co/oyXC8IKkvH https://t.co/2p9zNtxTwI,82
281,0.0,0.0,0.0,0.0,@CNN,2018-07-02 01:51:38,@CNN @coreyhalltattoo Yuck,83
282,-0.9201,0.402,0.402,0.0,@CNN,2018-07-02 01:51:37,"RT @SheriffClarke: Oh REALLY?
And LYING LIB MEDIA whines about @realDonaldTrump calling them FAKE NEWS? CRYBULLIES. I said give the story 2‚Ä¶",84
283,0.8926,0.081,0.081,0.459,@CNN,2018-07-02 01:51:36,"@CNN President Obama  think we are at a loss. Need someone  strong  an intelligent with compassion 
 Someone  like you!!!!!!",85
284,0.0,0.0,0.0,0.0,@CNN,2018-07-02 01:51:35,@LeonKrauze @UniNoticias Lo mejor de todo es que un el estupido y corrupto @EPN deja en paz a Mexico! Viva Obrador‚Ä¶ https://t.co/mF64cV0wja,86
285,0.0,0.0,0.0,0.0,@CNN,2018-07-02 01:51:34,RT @intheMatrixxx: So... Who‚Äôs going to address the Elephant in the room @CNN? Or @FoxNews @foxandfriends @MSNBC @NewYorker @washingtonpost‚Ä¶,87
286,-0.2477,0.114,0.114,0.078,@CNN,2018-07-02 01:51:32,@CNN Maybe we would know who the children are if they weren't smuggled in illegally after being sent by their parents with dangerous people,88
287,0.0,0.0,0.0,0.0,@CNN,2018-07-02 01:51:32,"@JeffreyToobin @USSupremeCourt @NewYorker In fairness  to Too in, he works for @CNN and he must fill his weekly quo‚Ä¶ https://t.co/aN22r0rKVF",89
288,-0.9042,0.371,0.371,0.0,@CNN,2018-07-02 01:51:30,"RT @ElderLansing: Did I see Kamala Harris, Tim Scott, and Cory Booker call for hate crime legislation when these four racist Chicago thugs,‚Ä¶",90
289,0.0,0.0,0.0,0.0,@CNN,2018-07-02 01:51:29,@CNN And they are under a deadline by a court order!!,91
290,0.2263,0.077,0.077,0.113,@CNN,2018-07-02 01:51:29,"RT @krsratan: @ANI So it's proved now, women safety and women empowerment just limited to Bahus and to break families @MinistryWCD @rajnath‚Ä¶",92
291,0.6908,0.0,0.0,0.251,@CNN,2018-07-02 01:51:29,RT @CNN: These are the stunning winners of the 2018 National Geographic Travel Photographer of the Year https://t.co/oZxpIjHkb2 https://t.c‚Ä¶,93
292,-0.9042,0.371,0.371,0.0,@CNN,2018-07-02 01:51:28,"RT @ElderLansing: Did I see Kamala Harris, Tim Scott, and Cory Booker call for hate crime legislation when these four racist Chicago thugs,‚Ä¶",94
293,0.2732,0.0,0.0,0.208,@CNN,2018-07-02 01:51:24,"@alwaysonoffense @JeffreyToobin @USSupremeCourt @NewYorker @CNN Well, it is CNN.",95
294,0.0,0.0,0.0,0.0,@CNN,2018-07-02 01:51:24,"RT @CNN: The Trump administration doesn't ""have a plan. I don't think they even really know where all of these children are, and who these‚Ä¶",96
295,0.4767,0.0,0.0,0.129,@CNN,2018-07-02 01:51:24,@25thAmendment2 @CNN @CNNOpinion USA is in much the same boat with respect to Mexico.  While you do not have the sa‚Ä¶ https://t.co/WIdwfD8YY6,97
296,0.0,0.0,0.0,0.0,@CNN,2018-07-02 01:51:23,RT @aquawilki: @SheriffClarke @realDonaldTrump @CNN @MSNBC @washingtonpost @nytimes  https://t.co/dd96l7M0PB,98
297,0.0,0.0,0.0,0.0,@CNN,2018-07-02 01:51:22,RT @Blackintel1: @CNN Who voted for this dunce?,99
298,-0.9201,0.402,0.402,0.0,@CNN,2018-07-02 01:51:22,"RT @SheriffClarke: Oh REALLY?
And LYING LIB MEDIA whines about @realDonaldTrump calling them FAKE NEWS? CRYBULLIES. I said give the story 2‚Ä¶",100
299,0.0,0.0,0.0,0.0,@FoxNews,2018-07-02 01:52:37,@PressSec @GovMikeHuckabee @realDonaldTrump @FoxNews @foxandfriends @seanhannity https://t.co/t1rUicyaU3,1
300,0.091,0.106,0.106,0.123,@FoxNews,2018-07-02 01:52:37,@FoxNews @RepMaxineWaters Maxine Waters grow up there's no evidence on President Trump he's done nothing wrong this‚Ä¶ https://t.co/7X5Ku9Bwll,2
301,-0.5086,0.349,0.349,0.0,@FoxNews,2018-07-02 01:52:37,@FoxNews @LisaMarieBoothe @NextRevFNC It‚Äôs happening. Worrying is not helping it.,3
302,-0.5994,0.13,0.13,0.0,@FoxNews,2018-07-02 01:52:36,"RT @LisaMei62: 15. It's not just Dems trying to make us think there will be a civil war. Don't fall for the hype.

The news re: NK building‚Ä¶",4
303,0.0,0.0,0.0,0.0,@FoxNews,2018-07-02 01:52:36,"RT @DesignationSix: If @McDonalds sponsors Fox ""News"" and @FoxNews advocates for separating families and putting children in cages, then Mc‚Ä¶",5
304,-0.3182,0.095,0.095,0.0,@FoxNews,2018-07-02 01:52:36,"RT @GregShugar: Listening to Trump ramble right now in his @FoxNews interview, and while his lack of vocabulary always stands out, it‚Äôs his‚Ä¶",6
305,0.8388,0.0,0.0,0.39,@FoxNews,2018-07-02 01:52:36,@FoxNews @ainsleyearhardt @NextRevFNC Agree except for one major point. You don't need to find GOD. BE GOOD.,7
306,-0.7717,0.379,0.379,0.0,@FoxNews,2018-07-02 01:52:34,"RT @FoxNews: Illegal immigrant arrested for starting wildfire in Colorado, police say https://t.co/NvMUF9d334",8
307,0.0,0.0,0.0,0.0,@FoxNews,2018-07-02 01:52:34,RT @phyrefligh: @gschumacher09 @theoldthing13 @LisaMei62 @SusanChance2 @FoxNews They got a new boss at fox that has been cracking the whip‚Ä¶,9
308,0.0,0.0,0.0,0.0,@FoxNews,2018-07-02 01:52:34,RT @DesignationSix: These are some @FoxNews / Laura Ingaham @IngrahamAngle sponsors. I have them tagged so they will get notifications ever‚Ä¶,10
309,0.0772,0.0,0.0,0.071,@FoxNews,2018-07-02 01:52:34,"RT @FoxNews: .@LisaMarieBoothe: ""[Democrats] want to be in charge of...our lives from start to finish essentially."" @NextRevFNC https://t.c‚Ä¶",11
310,0.1027,0.0,0.0,0.069,@FoxNews,2018-07-02 01:52:34,RT @FoxNews: The U.S. Air Force Thunderbirds Demonstration Team performs during the Arctic Thunder Open House at Joint Base Elmendorf-Richa‚Ä¶,12
311,0.0,0.0,0.0,0.0,@FoxNews,2018-07-02 01:52:33,@FoxNews Elections have consequences said Obama,13
312,0.6249,0.0,0.0,0.451,@FoxNews,2018-07-02 01:52:33,@realDonaldTrump @MariaBartiromo @FoxNews Was a great interview,14
313,-0.296,0.121,0.121,0.0,@FoxNews,2018-07-02 01:52:33,@DesignationSix @McDonalds @FoxNews Personally I stop going to McDonalds for several reason and this is one of them,15
314,0.0,0.0,0.0,0.0,@FoxNews,2018-07-02 01:52:33,@FoxNews @LisaMarieBoothe @NextRevFNC They‚Äôre called manners...,16
315,0.6908,0.0,0.0,0.263,@FoxNews,2018-07-02 01:52:32,@MichaelEDavis17 @FoxNews Clearly you just maga &amp; don‚Äôt follow sports. Just glad Fox is reporting something accurat‚Ä¶ https://t.co/qVCrAQMfZX,17
316,0.0,0.0,0.0,0.0,@FoxNews,2018-07-02 01:52:32,@espinosamontero @FoxNews @RepMaxineWaters @realDonaldTrump ü§™,18
317,0.0,0.0,0.0,0.0,@FoxNews,2018-07-02 01:52:32,"@Lavendersheryll @FoxNews You do know that the vast majority of people seeking asylum are from Central America, not Mexico, right?",19
318,0.0,0.0,0.0,0.0,@FoxNews,2018-07-02 01:52:31,"@FoxNews @ainsleyearhardt @NextRevFNC is this from Two Corinthians, Ainsley?",20
319,0.8304,0.055,0.055,0.323,@FoxNews,2018-07-02 01:52:31,"RT @FoxNews: .@GovMikeHuckabee: ""A lot [of] Americans seem to miss this important point‚Äî  our founders gave us the most magnificent gift. T‚Ä¶",21
320,0.0,0.0,0.0,0.0,@FoxNews,2018-07-02 01:52:30,@PardesSeleh @FoxNews When can I find you?,22
321,0.0,0.0,0.0,0.0,@FoxNews,2018-07-02 01:52:30,RT @FoxNews: Ronald Vitiello Named New ICE Leader https://t.co/X7U04t6z8Z,23
322,0.855,0.0,0.0,0.419,@FoxNews,2018-07-02 01:52:30,@FoxNews @RepMaxineWaters Maxine Watters. The unhinged gift that just keeps given! Good luck in November Dems...not!,24
323,-0.4019,0.255,0.255,0.108,@FoxNews,2018-07-02 01:52:30,"RT @FoxNews: Idaho apartment stabbing suspect attacked child's birthday party seeking 'vengeance' after being asked to leave, cops say http‚Ä¶",25
324,0.0,0.0,0.0,0.0,@FoxNews,2018-07-02 01:52:30,"RT @icolleen: .@potus .@realdonaldtrump .@erictrump .@donaldJtrumpjr  .@IvankaTrump 
.@jaredkushner .@FoxNews .@foxandfriends @SarahHuckabe‚Ä¶",26
325,0.2637,0.126,0.126,0.188,@FoxNews,2018-07-02 01:52:29,"RT @FoxNews: .@ainsleyearhardt: ""If we could find God and learn to love each other and not be so angry at someone else just because they ha‚Ä¶",27
326,0.0,0.0,0.0,0.0,@FoxNews,2018-07-02 01:52:29,"RT @DesignationSix: If @McDonalds sponsors Fox ""News"" and @FoxNews advocates for separating families and putting children in cages, then Mc‚Ä¶",28
327,-0.25,0.091,0.091,0.0,@FoxNews,2018-07-02 01:52:29,RT @FoxNews: Demonstrators protest outside of the Red Hen restaurant that kicked out @WhiteHouse @PressSec Sarah Sanders and her family las‚Ä¶,29
328,-0.5106,0.22,0.22,0.086,@FoxNews,2018-07-02 01:52:28,"@FoxNews @ainsleyearhardt @NextRevFNC I found God, the problem is you don't know where to start. Not your fault, it's your dad's.",30
329,0.0,0.0,0.0,0.0,@FoxNews,2018-07-02 01:52:28,RT @FoxNews: Potential SCOTUS Nominees https://t.co/yHmPkmvZuo,31
330,-0.7496,0.262,0.262,0.0,@FoxNews,2018-07-02 01:52:28,"RT @FoxNews: .@LisaMarieBoothe: ""I really worry that we're sort of building a really weak future generation with all the political correctn‚Ä¶",32
331,0.0,0.0,0.0,0.0,@FoxNews,2018-07-02 01:52:28,@FoxNews The people of the USA are speaking - if you only watch Fox News how would you know this?,33
332,0.3182,0.0,0.0,0.119,@FoxNews,2018-07-02 01:52:28,"@PCMarotta @JulieDetroit @FoxNews @WhiteHouse @PressSec You defending it explains who you are to me.

Please stay a‚Ä¶ https://t.co/6wvEEdVgKr",34
333,0.6597,0.0,0.0,0.435,@FoxNews,2018-07-02 01:52:27,@FoxNews @LisaMarieBoothe @POTUS @NextRevFNC Sounds like a good idea. https://t.co/Jw8ioOt5kM,35
334,-0.25,0.091,0.091,0.0,@FoxNews,2018-07-02 01:52:27,RT @FoxNews: Demonstrators protest outside of the Red Hen restaurant that kicked out @WhiteHouse @PressSec Sarah Sanders and her family las‚Ä¶,36
335,-0.7717,0.379,0.379,0.0,@FoxNews,2018-07-02 01:52:27,"RT @FoxNews: Illegal immigrant arrested for starting wildfire in Colorado, police say https://t.co/NvMUF9d334",37
336,-0.0772,0.267,0.267,0.238,@FoxNews,2018-07-02 01:52:26,"@FoxNews @BryanLlenas First world problems .
..ha ha",38
337,0.3818,0.0,0.0,0.12,@FoxNews,2018-07-02 01:52:26,RT @FoxNews: .@POTUS: ‚ÄúThe big thing that I‚Äôm focused on now is trade. I have to straighten out trade deals.‚Äù https://t.co/Ao3VNmoq7h,39
338,0.0,0.0,0.0,0.0,@FoxNews,2018-07-02 01:52:26,@FoxNews @LisaMarieBoothe @NextRevFNC https://t.co/ea9HiwmrWo,40
339,-0.7717,0.379,0.379,0.0,@FoxNews,2018-07-02 01:52:26,"RT @FoxNews: Illegal immigrant arrested for starting wildfire in Colorado, police say https://t.co/NvMUF9d334",41
340,0.1695,0.0,0.0,0.1,@FoxNews,2018-07-02 01:52:25,@FoxNews @GovMikeHuckabee @PressSec @NextRevFNC Don't forget stalking.  They followed the other members of the dinn‚Ä¶ https://t.co/wAxk9E0qKC,42
341,-0.3786,0.358,0.358,0.193,@FoxNews,2018-07-02 01:52:24,@realDonaldTrump @MariaBartiromo @FoxNews ~ no interest in listening to your lies!!,43
342,0.0,0.0,0.0,0.0,@FoxNews,2018-07-02 01:52:24,"RT @MariaBartiromo: ""Phase 2 tax plan to be aimed at middle class &amp; possibly taking corporate rate from 21%-20%. The big thing now is trade‚Ä¶",44
343,0.0,0.0,0.0,0.0,@FoxNews,2018-07-02 01:52:23,"RT @FoxNews: .@JudgeJeanine: ""Right now in America, there are forces dug in, organized, and well-funded doing whatever is necessary to make‚Ä¶",45
344,0.7983,0.0,0.0,0.237,@FoxNews,2018-07-02 01:52:22,"RT @FoxNews: THIS IS WHAT A HERO LOOKS LIKE"": An Arizona woman was saved from a rattlesnake bite on Friday when her puppy jumped to the res‚Ä¶",46
345,0.0,0.0,0.0,0.0,@FoxNews,2018-07-02 01:52:22,@FoxNews @KamalaHarris Where was kamala when Obama was separating families at the border and shipping children all‚Ä¶ https://t.co/blVZRDdI1u,47
346,0.0,0.0,0.0,0.0,@FoxNews,2018-07-02 01:52:21,@crod1906 @dsmith1917 @FoxNews @RepMaxineWaters @realDonaldTrump  https://t.co/CwoS0M8nSv,48
347,0.0,0.0,0.0,0.0,@FoxNews,2018-07-02 01:52:20,@FoxNews @JudgeJeanine GET THE BUTTERFLY NET,49
348,0.5859,0.0,0.0,0.174,@FoxNews,2018-07-02 01:52:20,Exit polls show left-wing candidate set to win Mexico presidential election via the @FoxNews App Mexicans have just‚Ä¶ https://t.co/NojWa4uZVV,50
349,0.8715,0.0,0.0,0.597,@FoxNews,2018-07-02 01:52:20,@FoxNews @WhiteHouse @PressSec Awesome! Love the Biker Nation!,51
350,-0.1027,0.163,0.163,0.14,@FoxNews,2018-07-02 01:52:19,@FoxNews @SenatorDurbin Go away Durbin. Ur broke state isn't listening and we certainly aren't.,52
351,0.0,0.0,0.0,0.0,@FoxNews,2018-07-02 01:52:19,@DesdeSher @TEAM_BOTB @FoxNews üëç,53
352,-0.4767,0.256,0.256,0.0,@FoxNews,2018-07-02 01:52:19,@FoxNews @LisaMarieBoothe @NextRevFNC Shut up fake news I mean Fox News,54
353,-0.1511,0.109,0.109,0.0,@FoxNews,2018-07-02 01:52:19,"@jbigdaddy16 @jmert_58 @Dolface6 @FoxNews @SenGillibrand Awwwww! You felt left out, didn‚Äôt you? We‚Äôre sorry.",55
354,-0.6249,0.204,0.204,0.0,@FoxNews,2018-07-02 01:52:18,RT @PattyArquette: @SpeakerRyan @SenateMajLdr @FoxNews @RepMaxineWaters @seanhannity ALEX Jones is trying to Incite Violence. Going to crac‚Ä¶,56
355,0.0,0.0,0.0,0.0,@FoxNews,2018-07-02 01:52:18,"RT @DesignationSix: If @McDonalds sponsors Fox ""News"" and @FoxNews advocates for separating families and putting children in cages, then Mc‚Ä¶",57
356,0.2732,0.073,0.073,0.139,@FoxNews,2018-07-02 01:52:18,"@FoxNews @GovMikeHuckabee @PressSec @NextRevFNC She was asked to leave in a polite fashion, tell the truth.",58
357,0.3291,0.0,0.0,0.101,@FoxNews,2018-07-02 01:52:18,"@FoxNews If you show up for a rally with a helmet, face covering and club, do not pass Go but go straight to jail.",59
358,0.0,0.0,0.0,0.0,@FoxNews,2018-07-02 01:52:18,RT @denuribe73: @FoxNews @ainsleyearhardt @NextRevFNC  https://t.co/GedXCQR47Z,60
359,-0.7496,0.262,0.262,0.0,@FoxNews,2018-07-02 01:52:17,"RT @FoxNews: .@LisaMarieBoothe: ""I really worry that we're sort of building a really weak future generation with all the political correctn‚Ä¶",61
360,0.5994,0.0,0.0,0.281,@FoxNews,2018-07-02 01:52:17,@FoxNews @RepMaxineWaters @realDonaldTrump If you were only blessed with high IQ,62
361,0.0,0.0,0.0,0.0,@FoxNews,2018-07-02 01:52:17,"RT @FoxNews: .@JudgeJeanine: ""Right now in America, there are forces dug in, organized, and well-funded doing whatever is necessary to make‚Ä¶",63
362,-0.5574,0.146,0.146,0.0,@FoxNews,2018-07-02 01:52:16,"RT @FoxNews: .@LaraLeaTrump: ""If they are voting for someone who wants to abolish ICE, these people are putting illegal immigrants, drug de‚Ä¶",64
363,-0.68,0.285,0.285,0.0,@FoxNews,2018-07-02 01:52:16,@RealCarolynM @realjeanniep @CourtneyMcCain @FoxNews @WhiteHouse @PressSec You are crazy. They are still to scared to open!,65
364,-0.507,0.265,0.265,0.106,@FoxNews,2018-07-02 01:52:16,RT @FoxNews: .@charliekirk11: ‚ÄúThese protests were much more about hating Trump than actually helping children.‚Äù https://t.co/kBXrChUZ9L,66
365,-0.7496,0.262,0.262,0.0,@FoxNews,2018-07-02 01:52:16,"RT @FoxNews: .@LisaMarieBoothe: ""I really worry that we're sort of building a really weak future generation with all the political correctn‚Ä¶",67
366,0.0,0.0,0.0,0.0,@FoxNews,2018-07-02 01:52:16,@FoxNews @LisaMarieBoothe @NextRevFNC Imagining thinking that educating a generation of adults who don‚Äôt judge peop‚Ä¶ https://t.co/u5WWIHp21V,68
367,0.4466,0.0,0.0,0.118,@FoxNews,2018-07-02 01:52:15,RT @Rebelocracy: ALERT: This is real. Antifa threw explosives at the people marching in Portland. This portion of the video was edited out‚Ä¶,69
368,-0.5994,0.157,0.157,0.0,@FoxNews,2018-07-02 01:52:15,"RT @FoxNews: .@GovMikeHuckabee on restaurant kicking out @PressSec: ""It was first an example of bullying and it was an example of bigotry.""‚Ä¶",70
369,0.2732,0.0,0.0,0.11,@FoxNews,2018-07-02 01:52:15,@FoxNews @LisaMarieBoothe @NextRevFNC You ever think that we are actually building a society that is tolerant and a‚Ä¶ https://t.co/WssKqq1Uhd,71
370,0.729,0.0,0.0,0.243,@FoxNews,2018-07-02 01:52:15,Seems to be some GREAT division within the #Dems B4 the 2018 elections! #MAGA #winning @TuckerCarlson‚Ä¶ https://t.co/NjNmNG6G4D,72
371,0.3724,0.0,0.0,0.138,@FoxNews,2018-07-02 01:52:14,@FoxNews Children were immigrants. Why isn't @maddow crying for them? Oh that's right...selective concern. She does‚Ä¶ https://t.co/qWVKWnsoHW,73
372,0.0,0.0,0.0,0.0,@FoxNews,2018-07-02 01:52:14,RT @TMZ: The @Lakers now have @KingJames and we've got @MagicJohnson TONIGHT on OBJECTified - check out the SECOND SHOWING of OBJECTified o‚Ä¶,74
373,0.4927,0.0,0.0,0.197,@FoxNews,2018-07-02 01:52:14,@GregShugar @FoxNews He getting more accomplished than that smooth talking Obama did in 8 years.,75
374,0.0,0.0,0.0,0.0,@FoxNews,2018-07-02 01:52:14,"RT @DesignationSix: If @McDonalds sponsors Fox ""News"" and @FoxNews advocates for separating families and putting children in cages, then Mc‚Ä¶",76
375,-0.7835,0.33,0.33,0.0,@FoxNews,2018-07-02 01:52:14,"@McgeeDDD @FoxNews @ainsleyearhardt @NextRevFNC Idiot, the guy has threatened the paper since 2013!! for defamation‚Ä¶ https://t.co/c4njy8gtek",77
376,0.4466,0.0,0.0,0.118,@FoxNews,2018-07-02 01:52:14,RT @Rebelocracy: ALERT: This is real. Antifa threw explosives at the people marching in Portland. This portion of the video was edited out‚Ä¶,78
377,0.5399,0.0,0.0,0.199,@FoxNews,2018-07-02 01:52:14,"Extra good jampacked show tonight!
Catch the encore broadcast at Midnight ET on @FoxNews ! https://t.co/kBDfJMJPVE",79
378,0.4348,0.0,0.0,0.301,@FoxNews,2018-07-02 01:52:13,@FoxNews @LisaMarieBoothe @POTUS @NextRevFNC Just like Republicans never protested Obama? https://t.co/XZ0q3QLS9v,80
379,0.0,0.0,0.0,0.0,@FoxNews,2018-07-02 01:52:13,"RT @DesignationSix: If @McDonalds sponsors Fox ""News"" and @FoxNews advocates for separating families and putting children in cages, then Mc‚Ä¶",81
380,0.4939,0.0,0.0,0.176,@FoxNews,2018-07-02 01:52:13,@FoxNews @GovMikeHuckabee @PressSec @NextRevFNC The co-owner of the Red Hen in Lexington removed peaceful non-threa‚Ä¶ https://t.co/7vyBvw41RG,82
381,-0.7496,0.262,0.262,0.0,@FoxNews,2018-07-02 01:52:13,"RT @FoxNews: .@LisaMarieBoothe: ""I really worry that we're sort of building a really weak future generation with all the political correctn‚Ä¶",83
382,0.0,0.0,0.0,0.0,@FoxNews,2018-07-02 01:52:13,RT @hurryback2: @Monabeee @SteveM676776 @FoxNews @POTUS Amen!!!,84
383,0.2637,0.126,0.126,0.188,@FoxNews,2018-07-02 01:52:12,"RT @FoxNews: .@ainsleyearhardt: ""If we could find God and learn to love each other and not be so angry at someone else just because they ha‚Ä¶",85
384,-0.7717,0.379,0.379,0.0,@FoxNews,2018-07-02 01:52:12,"RT @FoxNews: Illegal immigrant arrested for starting wildfire in Colorado, police say https://t.co/NvMUF9d334",86
385,-0.5264,0.355,0.355,0.0,@FoxNews,2018-07-02 01:52:12,"@DesignationSix @McDonalds @FoxNews Seriously, McDonalds? This does not look good!",87
386,0.0,0.0,0.0,0.0,@FoxNews,2018-07-02 01:52:11,@FoxNews @JudgeJeanine This so called ‚ÄúJudge‚Äù is unhinged!,88
387,0.0,0.0,0.0,0.0,@FoxNews,2018-07-02 01:52:10,RT @TMZ: The @Lakers now have @KingJames and we've got @MagicJohnson TONIGHT on OBJECTified - check out the SECOND SHOWING of OBJECTified o‚Ä¶,89
388,0.0,0.0,0.0,0.0,@FoxNews,2018-07-02 01:52:09,@FoxNews @GovMikeHuckabee @PressSec @NextRevFNC So should have to bake a wedding cake for same sex marriage regardl‚Ä¶ https://t.co/WUTLl7yiJW,90
389,-0.5994,0.157,0.157,0.0,@FoxNews,2018-07-02 01:52:09,"RT @FoxNews: .@GovMikeHuckabee on restaurant kicking out @PressSec: ""It was first an example of bullying and it was an example of bigotry.""‚Ä¶",91
390,-0.7496,0.262,0.262,0.0,@FoxNews,2018-07-02 01:52:07,"RT @FoxNews: .@LisaMarieBoothe: ""I really worry that we're sort of building a really weak future generation with all the political correctn‚Ä¶",92
391,0.8564,0.109,0.109,0.566,@FoxNews,2018-07-02 01:52:07,"@FoxNews @JudgeJeanine JJ loves to spread Trump propaganda, loves it!",93
392,0.2637,0.126,0.126,0.188,@FoxNews,2018-07-02 01:52:07,"RT @FoxNews: .@ainsleyearhardt: ""If we could find God and learn to love each other and not be so angry at someone else just because they ha‚Ä¶",94
393,0.0,0.0,0.0,0.0,@FoxNews,2018-07-02 01:52:06,RT @realDonaldTrump: I will be interviewed by @MariaBartiromo at 10:00 A.M. on @FoxNews,95
394,0.8304,0.055,0.055,0.323,@FoxNews,2018-07-02 01:52:06,"RT @FoxNews: .@GovMikeHuckabee: ""A lot [of] Americans seem to miss this important point‚Äî  our founders gave us the most magnificent gift. T‚Ä¶",96
395,0.7717,0.0,0.0,0.324,@FoxNews,2018-07-02 01:52:06,@fabianaA1970 @RealDeanCain @WattersWorld @FoxNews @RealCandaceO Wow she‚Äôs a class act. Keep up the good work. I‚Äôm‚Ä¶ https://t.co/bGzShiGoSm,97
396,0.0,0.0,0.0,0.0,@FoxNews,2018-07-02 01:52:06,"RT @DesignationSix: If @McDonalds sponsors Fox ""News"" and @FoxNews advocates for separating families and putting children in cages, then Mc‚Ä¶",98
397,0.0,0.0,0.0,0.0,@FoxNews,2018-07-02 01:52:05,RT @FoxNews: UCLA professor dies in 'mummification' ritual at Hollywood executive's home https://t.co/J8IDu2fmvv,99
398,0.4926,0.0,0.0,0.186,@FoxNews,2018-07-02 01:52:05,@JAlmerini @parkwright1 @KBrooks_MX @banglebirdie @MontyBish @realDonaldTrump @MariaBartiromo @FoxNews We are doing better! Trump 2020 üá∫üá∏,100
399,0.0,0.0,0.0,0.0,@nytimes,2018-07-02 01:52:39,@nytimes Another deplorable in Trump‚Äôs America.,1
400,0.34,0.0,0.0,0.194,@nytimes,2018-07-02 01:52:38,"The Disney-Fox Deal Sails Through, a Bit Too Easily   via @NYTimes https://t.co/vQIhQzsHmU",2
401,0.0,0.0,0.0,0.0,@nytimes,2018-07-02 01:52:36,"RT @peterjukes: @visionsurreal @LouiseMensch @AllMattNYT @carolecadwalla @nytimes @Arron_banks @guardian @andywigmore For the last time, th‚Ä¶",3
402,-0.2023,0.083,0.083,0.0,@nytimes,2018-07-02 01:52:35,RT @nytimes: Immigrant families are being charged thousands of dollars in airfare to get children out of federally contracted migrant shelt‚Ä¶,4
403,-0.9201,0.402,0.402,0.0,@nytimes,2018-07-02 01:52:35,"RT @SheriffClarke: Oh REALLY?
And LYING LIB MEDIA whines about @realDonaldTrump calling them FAKE NEWS? CRYBULLIES. I said give the story 2‚Ä¶",5
404,-0.9201,0.402,0.402,0.0,@nytimes,2018-07-02 01:52:34,"RT @SheriffClarke: Oh REALLY?
And LYING LIB MEDIA whines about @realDonaldTrump calling them FAKE NEWS? CRYBULLIES. I said give the story 2‚Ä¶",6
405,0.34,0.0,0.0,0.103,@nytimes,2018-07-02 01:52:33,RT @nytimes: A South Carolina woman has been nicknamed Pool Patrol Paula after a widely shared video showed her accosting a black boy and h‚Ä¶,7
406,0.0,0.0,0.0,0.0,@nytimes,2018-07-02 01:52:31,RT @nytimes: High schools across the country have pushed back this year against student journalists who have reported on sensitive subjects‚Ä¶,8
407,0.0,0.0,0.0,0.0,@nytimes,2018-07-02 01:52:29,RT @PresRajapaksa: Response by #SriLanka's former President Mahinda Rajapaksa on the allegations made by the New York Times (@nytimes). htt‚Ä¶,9
408,0.0,0.0,0.0,0.0,@nytimes,2018-07-02 01:52:29,RT @nytimes: LeBron James Heading West in Deal With Lakers https://t.co/30Po9MOsHX,10
409,0.5413,0.0,0.0,0.189,@nytimes,2018-07-02 01:52:28,@poppasmirf22 @IED08 @ProgressiveBroh @stopcollusion @nytimes You were really confident US law would change in 2 ye‚Ä¶ https://t.co/1bRYXPjlq2,11
410,-0.2023,0.083,0.083,0.0,@nytimes,2018-07-02 01:52:27,RT @nytimes: Immigrant families are being charged thousands of dollars in airfare to get children out of federally contracted migrant shelt‚Ä¶,12
411,-0.9201,0.402,0.402,0.0,@nytimes,2018-07-02 01:52:26,"RT @SheriffClarke: Oh REALLY?
And LYING LIB MEDIA whines about @realDonaldTrump calling them FAKE NEWS? CRYBULLIES. I said give the story 2‚Ä¶",13
412,-0.2023,0.083,0.083,0.0,@nytimes,2018-07-02 01:52:23,RT @nytimes: Immigrant families are being charged thousands of dollars in airfare to get children out of federally contracted migrant shelt‚Ä¶,14
413,0.0,0.0,0.0,0.0,@nytimes,2018-07-02 01:52:21,@nytimes @IvankaTrump really Ivanka? Do you understand the meaning of human trafficking? This is it. #fecklessivankatrump,15
414,0.5106,0.0,0.0,0.13,@nytimes,2018-07-02 01:52:20,"RT @infinitechan: You mean how it's supposed to be used?
Or should free speech only be used when stating politically-correct opinions or ta‚Ä¶",16
415,-0.2023,0.083,0.083,0.0,@nytimes,2018-07-02 01:52:20,RT @nytimes: Immigrant families are being charged thousands of dollars in airfare to get children out of federally contracted migrant shelt‚Ä¶,17
416,0.5574,0.0,0.0,0.194,@nytimes,2018-07-02 01:52:19,RT @TomFitton: More anti-Catholic calumny from liberals and @NYtimes targeting potential @RealDonaldTrump Supreme Court nominee. https://t.‚Ä¶,18
417,-0.2023,0.083,0.083,0.0,@nytimes,2018-07-02 01:52:19,RT @nytimes: Immigrant families are being charged thousands of dollars in airfare to get children out of federally contracted migrant shelt‚Ä¶,19
418,0.34,0.0,0.0,0.103,@nytimes,2018-07-02 01:52:17,RT @nytimes: A South Carolina woman has been nicknamed Pool Patrol Paula after a widely shared video showed her accosting a black boy and h‚Ä¶,20
419,0.34,0.0,0.0,0.103,@nytimes,2018-07-02 01:52:16,RT @nytimes: A South Carolina woman has been nicknamed Pool Patrol Paula after a widely shared video showed her accosting a black boy and h‚Ä¶,21
420,0.0,0.0,0.0,0.0,@nytimes,2018-07-02 01:52:16,"RT @vurnt22: When Alien came out, the ONLY NYC newspaper that got it right in it‚Äôs initial review was The Soho Weekly News.   Both @nytimes‚Ä¶",22
421,0.3657,0.081,0.081,0.164,@nytimes,2018-07-02 01:52:14,"RT @cindi_leive: One in four American women has had an abortion. I‚Äôm one of them, though like many I never said so publicly. No time like t‚Ä¶",23
422,0.4404,0.0,0.0,0.146,@nytimes,2018-07-02 01:52:12,@MrJonCryer @nytimes They have sacrificed their morals in pursuit of a divide &amp; profit business model.  Will never‚Ä¶ https://t.co/jIigr0APMc,24
423,-0.9201,0.402,0.402,0.0,@nytimes,2018-07-02 01:52:12,"RT @SheriffClarke: Oh REALLY?
And LYING LIB MEDIA whines about @realDonaldTrump calling them FAKE NEWS? CRYBULLIES. I said give the story 2‚Ä¶",25
424,0.34,0.0,0.0,0.103,@nytimes,2018-07-02 01:52:10,RT @nytimes: A South Carolina woman has been nicknamed Pool Patrol Paula after a widely shared video showed her accosting a black boy and h‚Ä¶,26
425,-0.9201,0.402,0.402,0.0,@nytimes,2018-07-02 01:52:10,"RT @SheriffClarke: Oh REALLY?
And LYING LIB MEDIA whines about @realDonaldTrump calling them FAKE NEWS? CRYBULLIES. I said give the story 2‚Ä¶",27
426,-0.6155,0.309,0.309,0.0,@nytimes,2018-07-02 01:52:09,@nytimes WHAT IS WITH THESE WHITE WOMEN ATTACKING BLACK PEOPLE!?,28
427,-0.2023,0.083,0.083,0.0,@nytimes,2018-07-02 01:52:08,RT @nytimes: Immigrant families are being charged thousands of dollars in airfare to get children out of federally contracted migrant shelt‚Ä¶,29
428,0.34,0.0,0.0,0.103,@nytimes,2018-07-02 01:52:07,RT @nytimes: A South Carolina woman has been nicknamed Pool Patrol Paula after a widely shared video showed her accosting a black boy and h‚Ä¶,30
429,0.0,0.0,0.0,0.0,@nytimes,2018-07-02 01:52:07,RT @nature_kansas: Kansas farmers Darin &amp; Nancy Williams have shifted their focus to soil health. See for yourself at their Farm Field Day‚Ä¶,31
430,0.0,0.0,0.0,0.0,@nytimes,2018-07-02 01:52:04,@100FrogLegs @nytimes What part of these practices were implemented during the obama administration don‚Äôt you under‚Ä¶ https://t.co/bhRovdnqJ4,32
431,-0.2023,0.083,0.083,0.0,@nytimes,2018-07-02 01:52:04,RT @nytimes: Immigrant families are being charged thousands of dollars in airfare to get children out of federally contracted migrant shelt‚Ä¶,33
432,-0.9201,0.402,0.402,0.0,@nytimes,2018-07-02 01:52:02,"RT @SheriffClarke: Oh REALLY?
And LYING LIB MEDIA whines about @realDonaldTrump calling them FAKE NEWS? CRYBULLIES. I said give the story 2‚Ä¶",34
433,-0.2023,0.083,0.083,0.0,@nytimes,2018-07-02 01:52:01,RT @nytimes: Immigrant families are being charged thousands of dollars in airfare to get children out of federally contracted migrant shelt‚Ä¶,35
434,0.5574,0.0,0.0,0.194,@nytimes,2018-07-02 01:52:00,RT @TomFitton: More anti-Catholic calumny from liberals and @NYtimes targeting potential @RealDonaldTrump Supreme Court nominee. https://t.‚Ä¶,36
435,-0.2023,0.083,0.083,0.0,@nytimes,2018-07-02 01:52:00,RT @nytimes: Immigrant families are being charged thousands of dollars in airfare to get children out of federally contracted migrant shelt‚Ä¶,37
436,0.0772,0.0,0.0,0.067,@nytimes,2018-07-02 01:52:00,@ThotVladimir @nytimes If @RealDonaldTrump has a burning sensation when he makes #Peetapes he might want to get that looked at.,38
437,0.0,0.0,0.0,0.0,@nytimes,2018-07-02 01:51:58,Dave Eggers: A Cultural Vacuum in Trump‚Äôs White House   via @NYTimes üñº https://t.co/y09fVbx5Og,39
438,0.34,0.0,0.0,0.103,@nytimes,2018-07-02 01:51:57,RT @nytimes: A South Carolina woman has been nicknamed Pool Patrol Paula after a widely shared video showed her accosting a black boy and h‚Ä¶,40
439,-0.7351,0.22,0.22,0.0,@nytimes,2018-07-02 01:51:57,"RT @Goss30Goss: Why is the @nytimes , @washingtonpost , &amp; @cnn scared to call Trump a blatant liar? I think we are way past the point of no‚Ä¶",41
440,0.0,0.0,0.0,0.0,@nytimes,2018-07-02 01:51:54,@RickGar93132617 @BrianMi19324663 @Tdaen1 @Maestro4excess @FieldGeorge @The_ben_daniels @fubaglady @MrBrigh21239717‚Ä¶ https://t.co/cPRX7jAo38,42
441,-0.9201,0.402,0.402,0.0,@nytimes,2018-07-02 01:51:52,"RT @SheriffClarke: Oh REALLY?
And LYING LIB MEDIA whines about @realDonaldTrump calling them FAKE NEWS? CRYBULLIES. I said give the story 2‚Ä¶",43
442,0.0,0.0,0.0,0.0,@nytimes,2018-07-02 01:51:49,RT @nytimes: LeBron James Heading West in Deal With Lakers https://t.co/30Po9MOsHX,44
443,0.0,0.0,0.0,0.0,@nytimes,2018-07-02 01:51:47,RT @nytimes: Man Faces Arson Charge in Connection With Colorado Wildfire https://t.co/a0EeYt2GkA,45
444,-0.2023,0.083,0.083,0.0,@nytimes,2018-07-02 01:51:45,RT @nytimes: Immigrant families are being charged thousands of dollars in airfare to get children out of federally contracted migrant shelt‚Ä¶,46
445,-0.4215,0.123,0.123,0.0,@nytimes,2018-07-02 01:51:45,"RT @RickOhioImBack: 72% Of AMERICANS 

Say #MSM lies and fabricates the story 

If U #Remove #California and #NewYork 

From the poll 

It‚Ä¶",47
446,-0.2023,0.083,0.083,0.0,@nytimes,2018-07-02 01:51:44,RT @nytimes: Immigrant families are being charged thousands of dollars in airfare to get children out of federally contracted migrant shelt‚Ä¶,48
447,-0.7476,0.329,0.329,0.0,@nytimes,2018-07-02 01:51:44,"RT @katlovesflowers: @ProfDeutsch @nytimes Inadvisedly?How about inhumanly, cruelly, possibly criminally? You're worried about footing the‚Ä¶",49
448,-0.5267,0.221,0.221,0.0,@nytimes,2018-07-02 01:51:40,Criminal Groups Seek to Decide Outcome in Many Mexican Races   via @NYTimes. https://t.co/TOMmIKAzl2,50
449,-0.0258,0.107,0.107,0.103,@nytimes,2018-07-02 01:51:40,"RT @LipmanTweets: Dear @nytimes, unless you're sitting on a poll that nobody knows about, you have a glaring error in your a1 hed. I think‚Ä¶",51
450,-0.5267,0.531,0.531,0.0,@nytimes,2018-07-02 01:51:38,@nytimes She‚Äôs disgraceful. Disgusting.,52
451,-0.9201,0.402,0.402,0.0,@nytimes,2018-07-02 01:51:37,"RT @SheriffClarke: Oh REALLY?
And LYING LIB MEDIA whines about @realDonaldTrump calling them FAKE NEWS? CRYBULLIES. I said give the story 2‚Ä¶",53
452,-0.1689,0.073,0.073,0.0,@nytimes,2018-07-02 01:51:33,"RT @ProfDeutsch: @nytimes This is unconscionable. Our government took them (inadvisedly), so we should pay to give them back. I'm not thril‚Ä¶",54
453,0.0,0.0,0.0,0.0,@nytimes,2018-07-02 01:51:32,RT @nytimes: LeBron James Heading West in Deal With Lakers https://t.co/30Po9MOsHX,55
454,-0.2023,0.083,0.083,0.0,@nytimes,2018-07-02 01:51:31,RT @nytimes: Immigrant families are being charged thousands of dollars in airfare to get children out of federally contracted migrant shelt‚Ä¶,56
455,0.0,0.0,0.0,0.0,@nytimes,2018-07-02 01:51:31,@IAmJamesTheBond @emmevilla @SpiritTheWolf26 @francescatotolo @andreapalladino @Corriere @nytimes @lucabattanta‚Ä¶ https://t.co/ZHRqTsajWl,57
456,0.7096,0.0,0.0,0.269,@nytimes,2018-07-02 01:51:30,@Delavegalaw Yes. We must be aware that @nytimes is quite often NOT our friend these days. Just saying.,58
457,0.2263,0.077,0.077,0.113,@nytimes,2018-07-02 01:51:29,"RT @krsratan: @ANI So it's proved now, women safety and women empowerment just limited to Bahus and to break families @MinistryWCD @rajnath‚Ä¶",59
458,0.34,0.0,0.0,0.103,@nytimes,2018-07-02 01:51:27,RT @nytimes: A South Carolina woman has been nicknamed Pool Patrol Paula after a widely shared video showed her accosting a black boy and h‚Ä¶,60
459,0.0,0.0,0.0,0.0,@nytimes,2018-07-02 01:51:26,@nytimes Let em hang I say üßê,61
460,0.0,0.0,0.0,0.0,@nytimes,2018-07-02 01:51:23,RT @aquawilki: @SheriffClarke @realDonaldTrump @CNN @MSNBC @washingtonpost @nytimes  https://t.co/dd96l7M0PB,62
461,0.0,0.0,0.0,0.0,@nytimes,2018-07-02 01:51:23,Alexandria Ocasio-Cortez Emerges as a Political Star   via @NYTimes ‚Å¶@IdahoBones‚Å©  https://t.co/b0TIu0D4DN,63
462,0.34,0.0,0.0,0.103,@nytimes,2018-07-02 01:51:22,RT @nytimes: A South Carolina woman has been nicknamed Pool Patrol Paula after a widely shared video showed her accosting a black boy and h‚Ä¶,64
463,-0.9201,0.402,0.402,0.0,@nytimes,2018-07-02 01:51:22,"RT @SheriffClarke: Oh REALLY?
And LYING LIB MEDIA whines about @realDonaldTrump calling them FAKE NEWS? CRYBULLIES. I said give the story 2‚Ä¶",65
464,0.0,0.0,0.0,0.0,@nytimes,2018-07-02 01:51:20,@don_sasso @parkerj2011 @Thedarkamerica @cubbyrizzo @GeekTrader @juanrive @thebooyabandit @TuckerCarlson @nbc‚Ä¶ https://t.co/S0OX0iAxMl,66
465,0.34,0.0,0.0,0.194,@nytimes,2018-07-02 01:51:20,"The Disney-Fox Deal Sails Through, a Bit Too Easily   via @NYTimes https://t.co/UMsbZwcdor",67
466,0.3612,0.0,0.0,0.294,@nytimes,2018-07-02 01:51:20,"@cindi_leive @nytimes One million times, thank you.",68
467,-0.2023,0.083,0.083,0.0,@nytimes,2018-07-02 01:51:19,RT @nytimes: Immigrant families are being charged thousands of dollars in airfare to get children out of federally contracted migrant shelt‚Ä¶,69
468,0.0,0.0,0.0,0.0,@nytimes,2018-07-02 01:51:19,RT @creatrixtiara: @joesh @DavidWitz @me9216 @nytimes @SenJeffMerkley @SenSchumer @SenateDems @HouseDemocrats #grabyourwallet is the tag yo‚Ä¶,70
469,0.6808,0.0,0.0,0.259,@nytimes,2018-07-02 01:51:17,"Local Girl Makes Good, via @nytimes ‚Å¶@NancyPelosi‚Å© ‚Å¶@SenSchumer‚Å© ‚ÄúRepublican Party just had one of their youngest s‚Ä¶ https://t.co/I6x4hR7az2",71
470,0.0,0.0,0.0,0.0,@nytimes,2018-07-02 01:51:14,"RT @shomaristone: Neighbor Calls Police on a 12 Year Old Boy Mowing the Grass.
‚ÄúIf they would have been four white children, the police wou‚Ä¶",72
471,-0.2023,0.083,0.083,0.0,@nytimes,2018-07-02 01:51:14,RT @nytimes: Immigrant families are being charged thousands of dollars in airfare to get children out of federally contracted migrant shelt‚Ä¶,73
472,0.6705,0.0,0.0,0.234,@nytimes,2018-07-02 01:51:14,"RT @nytimes: Senator Susan Collins, a moderate Maine Republican whose vote could prove decisive in filling the Supreme Court‚Äôs vacant seat,‚Ä¶",74
473,0.4019,0.0,0.0,0.172,@nytimes,2018-07-02 01:51:12,RT @joesh: @DavidWitz @me9216 @nytimes @SenJeffMerkley @SenSchumer @SenateDems @HouseDemocrats I wish I'd tagged it #boycottTrumpProfiteers‚Ä¶,75
474,-0.6166,0.366,0.366,0.0,@nytimes,2018-07-02 01:51:08,@dmooresb @SheriffClarke @realDonaldTrump @CNN @MSNBC @washingtonpost @nytimes SICK,76
475,-0.2023,0.083,0.083,0.0,@nytimes,2018-07-02 01:51:08,RT @nytimes: Immigrant families are being charged thousands of dollars in airfare to get children out of federally contracted migrant shelt‚Ä¶,77
476,0.0,0.0,0.0,0.0,@nytimes,2018-07-02 01:51:08,@nytimes üò°üò°üò°üò°,78
477,-0.128,0.197,0.197,0.134,@nytimes,2018-07-02 01:51:08,@samanthalent @nytimes @mirjordan No parent/family member should ever have to go into debt to save a kid from deten‚Ä¶ https://t.co/MLmPiPdbsZ,79
478,0.34,0.0,0.0,0.103,@nytimes,2018-07-02 01:51:07,RT @nytimes: A South Carolina woman has been nicknamed Pool Patrol Paula after a widely shared video showed her accosting a black boy and h‚Ä¶,80
479,0.34,0.0,0.0,0.103,@nytimes,2018-07-02 01:51:07,RT @nytimes: A South Carolina woman has been nicknamed Pool Patrol Paula after a widely shared video showed her accosting a black boy and h‚Ä¶,81
480,-0.9201,0.402,0.402,0.0,@nytimes,2018-07-02 01:51:05,"RT @SheriffClarke: Oh REALLY?
And LYING LIB MEDIA whines about @realDonaldTrump calling them FAKE NEWS? CRYBULLIES. I said give the story 2‚Ä¶",82
481,-0.3182,0.126,0.126,0.0,@nytimes,2018-07-02 01:51:03,RT @joesh: @DavidWitz @me9216 @nytimes @SenJeffMerkley @SenSchumer @SenateDems @HouseDemocrats I think we need a boycott list for any compa‚Ä¶,83
482,0.34,0.0,0.0,0.103,@nytimes,2018-07-02 01:51:03,RT @nytimes: A South Carolina woman has been nicknamed Pool Patrol Paula after a widely shared video showed her accosting a black boy and h‚Ä¶,84
483,-0.3182,0.126,0.126,0.0,@nytimes,2018-07-02 01:51:02,RT @joesh: @DavidWitz @me9216 @nytimes @SenJeffMerkley @SenSchumer @SenateDems @HouseDemocrats I think we need a boycott list for any compa‚Ä¶,85
484,0.6633,0.0,0.0,0.295,@nytimes,2018-07-02 01:51:01,"@JoshMayhugh1 @nytimes #FAKEOUTRAGE  400,000 Americans and LEGAL immigrants in foster care. Souless hypocrites. DJT‚Ä¶ https://t.co/cv6wMIQIWM",86
485,0.5719,0.0,0.0,0.209,@nytimes,2018-07-02 01:50:58,RT @DavidWitz: @me9216 @nytimes @SenJeffMerkley @SenSchumer @SenateDems @HouseDemocrats A company named Geo apparently won the incarceratio‚Ä¶,87
486,-0.2023,0.083,0.083,0.0,@nytimes,2018-07-02 01:50:57,RT @nytimes: Immigrant families are being charged thousands of dollars in airfare to get children out of federally contracted migrant shelt‚Ä¶,88
487,0.5574,0.0,0.0,0.194,@nytimes,2018-07-02 01:50:56,RT @TomFitton: More anti-Catholic calumny from liberals and @NYtimes targeting potential @RealDonaldTrump Supreme Court nominee. https://t.‚Ä¶,89
488,-0.6249,0.804,0.804,0.0,@nytimes,2018-07-02 01:50:56,@nytimes Vile,90
489,-0.6597,0.288,0.288,0.112,@nytimes,2018-07-02 01:50:52,RT @nytimes: The United States Senate‚Äôs 3 black members introduced a bill that would make lynching a federal hate crime. https://t.co/7RWbn‚Ä¶,91
490,-0.8359,0.344,0.344,0.0,@nytimes,2018-07-02 01:50:52,RT @me9216: @nytimes IS THERE NO END TO THE SUFFERING WE ARE IMPOSING ON THESE FAMILIES? @SenJeffMerkley @SenSchumer @SenateDems @HouseDemo‚Ä¶,92
491,0.0,0.0,0.0,0.0,@nytimes,2018-07-02 01:50:51,"RT @EnemigoELA: $9,197 ese el monto del cheque de liquidaci√≥n de las vacaciones regulares de @CarmenYulinCruz para el a√±o fiscal 2018.

Ade‚Ä¶",93
492,-0.25,0.158,0.158,0.115,@nytimes,2018-07-02 01:50:51,RT @PolitiSearch: Trump‚Äôs ‚ÄòPurple‚Äô Family Values   via @NYTimes *Class is something one can‚Äôt buy however hate IS taught‚ÄºÔ∏è#resist  https://‚Ä¶,94
493,0.34,0.0,0.0,0.103,@nytimes,2018-07-02 01:50:51,RT @nytimes: A South Carolina woman has been nicknamed Pool Patrol Paula after a widely shared video showed her accosting a black boy and h‚Ä¶,95
494,0.0,0.0,0.0,0.0,@nytimes,2018-07-02 01:50:51,"RT @EnemigoELA: $9,197 ese el monto del cheque de liquidaci√≥n de las vacaciones regulares de @CarmenYulinCruz para el a√±o fiscal 2018.

Ade‚Ä¶",96
495,0.5574,0.0,0.0,0.194,@nytimes,2018-07-02 01:50:50,RT @TomFitton: More anti-Catholic calumny from liberals and @NYtimes targeting potential @RealDonaldTrump Supreme Court nominee. https://t.‚Ä¶,97
496,0.34,0.0,0.0,0.103,@nytimes,2018-07-02 01:50:50,RT @nytimes: A South Carolina woman has been nicknamed Pool Patrol Paula after a widely shared video showed her accosting a black boy and h‚Ä¶,98
497,0.0,0.0,0.0,0.0,@nytimes,2018-07-02 01:50:50,@parkerj2011 @D1sambiguation @Thedarkamerica @cubbyrizzo @GeekTrader @juanrive @thebooyabandit @TuckerCarlson @nbc‚Ä¶ https://t.co/uvzIw5sP4J,99
498,0.5574,0.0,0.0,0.194,@nytimes,2018-07-02 01:50:49,RT @TomFitton: More anti-Catholic calumny from liberals and @NYtimes targeting potential @RealDonaldTrump Supreme Court nominee. https://t.‚Ä¶,100
